종목명,산업,섹터,종목코드
SK이노베이션,에너지,에너지,96770
S-Oil,에너지,에너지,10950
현대중공업지주,에너지,에너지,267250
GS,에너지,에너지,78930
SK디스커버리,에너지,에너지,6120
SGC에너지,에너지,에너지,5090
KG케미칼,에너지,에너지,1390
이아이디,에너지,에너지,93230
한국쉘석유,에너지,에너지,2960
오르비텍,에너지,에너지,46120
위즈코프,에너지,에너지,38620
제이씨케미칼,에너지,에너지,137950
세원이앤씨,에너지,에너지,91090
현대에너지솔루션,에너지,에너지,322000
SDN,에너지,에너지,99220
대성산업,에너지,에너지,128820
극동유화,에너지,에너지,14530
미창석유,에너지,에너지,3650
흥구석유,에너지,에너지,24060
에스에너지,에너지,에너지,95910
지엔원에너지,에너지,에너지,270520
코드네이처,에너지,에너지,78940
젬백스지오,에너지,에너지,41590
스페코,에너지,에너지,13810
서남,에너지,에너지,294630
경동인베스트,에너지,에너지,12320
중앙에너비스,에너지,에너지,440
윌링스,에너지,에너지,313760
LG화학,소재,소재,51910
POSCO,소재,소재,5490
한화솔루션,소재,소재,9830
고려아연,소재,소재,10130
포스코케미칼,소재,소재,3670
롯데케미칼,소재,소재,11170
현대제철,소재,소재,4020
SKC,소재,소재,11790
한솔케미칼,소재,소재,14680
금호석유,소재,소재,11780
OCI,소재,소재,10060
SK케미칼,소재,소재,285130
에코프로,소재,소재,86520
효성첨단소재,소재,소재,298050
롯데정밀화학,소재,소재,4000
코오롱인더,소재,소재,120110
에코프로에이치엔,소재,소재,383310
동국제강,소재,소재,1230
후성,소재,소재,93370
코스모신소재,소재,소재,5070
파미셀,소재,소재,5690
PI첨단소재,소재,소재,178920
대한유화,소재,소재,6650
풍산,소재,소재,103140
휴켐스,소재,소재,69260
유니드,소재,소재,14830
효성화학,소재,소재,298000
국도화학,소재,소재,7690
국일제지,소재,소재,78130
나노신소재,소재,소재,121600
KG동부제철,소재,소재,16380
남해화학,소재,소재,25860
코스모화학,소재,소재,5420
미원상사,소재,소재,2840
동원시스템즈,소재,소재,14820
송원산업,소재,소재,4430
이엔에프테크놀로지,소재,소재,102710
남선알미늄,소재,소재,8350
KG ETS,소재,소재,151860
세아베스틸,소재,소재,1430
아주스틸,소재,소재,139990
켐트로스,소재,소재,220260
이엔드디,소재,소재,101360
티케이케미칼,소재,소재,104480
켐트로닉스,소재,소재,89010
이수화학,소재,소재,5950
일진다이아,소재,소재,81000
태광산업,소재,소재,3240
한솔제지,소재,소재,213500
애경유화,소재,소재,161000
원익머트리얼즈,소재,소재,104830
나노씨엠에스,소재,소재,247660
아세아제지,소재,소재,2310
동성화인텍,소재,소재,33500
코오롱,소재,소재,2020
미원에스씨,소재,소재,268280
고려제강,소재,소재,2240
락앤락,소재,소재,115390
한국철강,소재,소재,104700
해성산업,소재,소재,34810
대한제강,소재,소재,84010
율촌화학,소재,소재,8730
경인양행,소재,소재,12610
세아제강지주,소재,소재,3030
엠투엔,소재,소재,33310
레이크머티리얼즈,소재,소재,281740
케이피엠테크,소재,소재,42040
포스코엠텍,소재,소재,9520
알루코,소재,소재,1780
신대양제지,소재,소재,16590
코오롱플라스틱,소재,소재,138490
테이팩스,소재,소재,55490
한국알콜,소재,소재,17890
카프로,소재,소재,6380
삼영무역,소재,소재,2810
와이엠티,소재,소재,251370
동일산업,소재,소재,4890
동국S&C,소재,소재,100130
대호에이엘,소재,소재,69460
동성케미컬,소재,소재,102260
포스코강판,소재,소재,58430
한농화성,소재,소재,11500
현대비앤지스틸,소재,소재,4560
동양철관,소재,소재,8970
대양금속,소재,소재,9190
백광산업,소재,소재,1340
풍산홀딩스,소재,소재,5810
대영포장,소재,소재,14160
삼아알미늄,소재,소재,6110
KISCO홀딩스,소재,소재,1940
아세아,소재,소재,2030
연우,소재,소재,115960
성창기업지주,소재,소재,180
깨끗한나라,소재,소재,4540
세아제강,소재,소재,306200
AK홀딩스,소재,소재,6840
한솔홀딩스,소재,소재,4150
한국주철관,소재,소재,970
원익큐브,소재,소재,14190
금양,소재,소재,1570
감성코퍼레이션,소재,소재,36620
피엔에이치테크,소재,소재,239890
한국선재,소재,소재,25550
EG,소재,소재,37370
경남스틸,소재,소재,39240
KPX케미칼,소재,소재,25000
그린플러스,소재,소재,186230
미원홀딩스,소재,소재,107590
디씨엠,소재,소재,24090
대창,소재,소재,12800
삼양패키징,소재,소재,272550
동국산업,소재,소재,5160
TCC스틸,소재,소재,2710
대유,소재,소재,290380
무림P&P,소재,소재,9580
펌텍코리아,소재,소재,251970
티플랙스,소재,소재,81150
삼보판지,소재,소재,23600
SH에너지화학,소재,소재,2360
태경비케이,소재,소재,14580
태림포장,소재,소재,11280
삼영화학,소재,소재,3720
레몬,소재,소재,294140
그린케미칼,소재,소재,83420
동남합성,소재,소재,23450
조일알미늄,소재,소재,18470
대정화금,소재,소재,120240
HRS,소재,소재,36640
한국내화,소재,소재,10040
제일제강,소재,소재,23440
조선내화,소재,소재,480
한국석유,소재,소재,4090
한창제지,소재,소재,9460
인바이오,소재,소재,352940
삼보산업,소재,소재,9620
태경산업,소재,소재,15890
진양홀딩스,소재,소재,100250
황금에스티,소재,소재,32560
석경에이티,소재,소재,357550
이구산업,소재,소재,25820
태경케미컬,소재,소재,6890
휴먼엔,소재,소재,32860
한국특강,소재,소재,7280
나노,소재,소재,187790
서원,소재,소재,21050
경농,소재,소재,2100
한국수출포장,소재,소재,2200
KPX홀딩스,소재,소재,92230
휴스틸,소재,소재,5010
미원화학,소재,소재,134380
무림페이퍼,소재,소재,9200
진양산업,소재,소재,3780
동방아그로,소재,소재,7590
세하,소재,소재,27970
오공,소재,소재,45060
KCI,소재,소재,36670
문배철강,소재,소재,8420
나노브릭,소재,소재,286750
동국알앤에스,소재,소재,75970
조비,소재,소재,1550
NI스틸,소재,소재,8260
효성오앤비,소재,소재,97870
대동스틸,소재,소재,48470
세아홀딩스,소재,소재,58650
컨버즈,소재,소재,109070
화인베스틸,소재,소재,133820
피제이메탈,소재,소재,128660
부국철강,소재,소재,26940
영풍제지,소재,소재,6740
대한화섬,소재,소재,3830
한국팩키지,소재,소재,37230
조선선재,소재,소재,120030
대륙제관,소재,소재,4780
쎄노텍,소재,소재,222420
파버나인,소재,소재,177830
에스폴리텍,소재,소재,50760
신풍제지,소재,소재,2870
영보화학,소재,소재,14440
만호제강,소재,소재,1080
DSR제강,소재,소재,69730
금강철강,소재,소재,53260
웹스,소재,소재,196700
삼현철강,소재,소재,17480
대림제지,소재,소재,17650
세아특수강,소재,소재,19440
나노캠텍,소재,소재,91970
한국바이오젠,소재,소재,318000
대호특수강,소재,소재,21040
영흥,소재,소재,12160
SUN&L,소재,소재,2820
한일철강,소재,소재,2220
삼화왕관,소재,소재,4450
원일특강,소재,소재,12620
한국주강,소재,소재,25890
하이스틸,소재,소재,71090
동양에스텍,소재,소재,60380
쎄니트,소재,소재,37760
원풍,소재,소재,8370
DSR,소재,소재,155660
WISCOM,소재,소재,24070
무림SP,소재,소재,1810
동일제강,소재,소재,2690
와이오엠,소재,소재,66430
유에스티,소재,소재,263770
전진바이오팜,소재,소재,110020
성보화학,소재,소재,3080
국일신동,소재,소재,60480
페이퍼코리아,소재,소재,1020
한창산업,소재,소재,79170
한솔PNS,소재,소재,10420
대창스틸,소재,소재,140520
동일철강,소재,소재,23790
제일연마,소재,소재,1560
진양화학,소재,소재,51630
진양폴리,소재,소재,10640
삼륭물산,소재,소재,14970
승일,소재,소재,49830
엔피케이,소재,소재,48830
CS홀딩스,소재,소재,590
한일화학,소재,소재,7770
광진실업,소재,소재,26910
금비,소재,소재,8870
케이피티유,소재,소재,54410
케이디켐,소재,소재,221980
SHD,소재,소재,1770
스타플렉스,소재,소재,115570
원림,소재,소재,5820
이화산업,소재,소재,760
삼성물산,산업재,자본재,28260
SK,산업재,자본재,34730
LG,산업재,자본재,3550
두산중공업,산업재,자본재,34020
한국조선해양,산업재,자본재,9540
에이치엘비,산업재,자본재,28300
현대건설,산업재,자본재,720
삼성엔지니어링,산업재,자본재,28050
삼성중공업,산업재,자본재,10140
GS건설,산업재,자본재,6360
한국항공우주,산업재,자본재,47810
DL이앤씨,산업재,자본재,375500
두산밥캣,산업재,자본재,241560
현대미포조선,산업재,자본재,10620
현대중공업,산업재,자본재,329180
현대로템,산업재,자본재,64350
KCC,산업재,자본재,2380
현대엘리베이,산업재,자본재,17800
한화에어로스페이스,산업재,자본재,12450
CJ,산업재,자본재,1040
대우건설,산업재,자본재,47040
LS,산업재,자본재,6260
DL,산업재,자본재,210
HDC현대산업개발,산업재,자본재,294870
현대두산인프라코어,산업재,자본재,42670
한화시스템,산업재,자본재,272210
씨에스윈드,산업재,자본재,112610
포스코인터내셔널,산업재,자본재,47050
LS ELECTRIC,산업재,자본재,10120
한샘,산업재,자본재,9240
쌍용C&E,산업재,자본재,3410
효성,산업재,자본재,4800
대우조선해양,산업재,자본재,42660
LX인터내셔널,산업재,자본재,1120
지누스,산업재,자본재,13890
SK네트웍스,산업재,자본재,1740
두산,산업재,자본재,150
아이에스동서,산업재,자본재,10780
에스에프에이,산업재,자본재,56190
티와이홀딩스,산업재,자본재,363280
KCC글라스,산업재,자본재,344820
LIG넥스원,산업재,자본재,79550
대한전선,산업재,자본재,1440
삼강엠앤티,산업재,자본재,100090
현대건설기계,산업재,자본재,267270
현대일렉트릭,산업재,자본재,267260
한일시멘트,산업재,자본재,300720
LX하우시스,산업재,자본재,108670
LX홀딩스,산업재,자본재,383800
유니슨,산업재,자본재,18000
HDC,산업재,자본재,12630
쎄트렉아이,산업재,자본재,99320
한국카본,산업재,자본재,17960
효성중공업,산업재,자본재,298040
동화기업,산업재,자본재,25900
에이프로젠 MED,산업재,자본재,7460
삼부토건,산업재,자본재,1470
코윈테크,산업재,자본재,282880
HSD엔진,산업재,자본재,82740
DL건설,산업재,자본재,1880
동양,산업재,자본재,1520
유진기업,산업재,자본재,23410
아세아시멘트,산업재,자본재,183190
성신양회,산업재,자본재,4980
금호건설,산업재,자본재,2990
삼표시멘트,산업재,자본재,38500
서희건설,산업재,자본재,35890
현대리바트,산업재,자본재,79430
동원개발,산업재,자본재,13120
일진파워,산업재,자본재,94820
보성파워텍,산업재,자본재,6910
TYM,산업재,자본재,2900
3S,산업재,자본재,60310
계룡건설,산업재,자본재,13580
이엔플러스,산업재,자본재,74610
현대코퍼레이션,산업재,자본재,11760
서한,산업재,자본재,11370
대한광통신,산업재,자본재,10170
이엠코리아,산업재,자본재,95190
벽산,산업재,자본재,7210
와이지-원,산업재,자본재,19210
SIMPAC,산업재,자본재,9160
하이록코리아,산업재,자본재,13030
진흥기업,산업재,자본재,2780
디와이피엔에프,산업재,자본재,104460
태광,산업재,자본재,23160
넥스턴바이오,산업재,자본재,89140
코오롱글로벌,산업재,자본재,3070
대동,산업재,자본재,490
삼화페인트,산업재,자본재,390
비나텍,산업재,자본재,126340
성광벤드,산업재,자본재,14620
한양이엔지,산업재,자본재,45100
아스트,산업재,자본재,67390
웅진,산업재,자본재,16880
한신공영,산업재,자본재,4960
한일홀딩스,산업재,자본재,3300
로보스타,산업재,자본재,90360
진성티이씨,산업재,자본재,36890
특수건설,산업재,자본재,26150
퍼시스,산업재,자본재,16800
제이엔케이히터,산업재,자본재,126880
중앙디앤엠,산업재,자본재,51980
테라사이언스,산업재,자본재,73640
에이치엘비파워,산업재,자본재,43220
광림,산업재,자본재,14200
태영건설,산업재,자본재,9410
동부건설,산업재,자본재,5960
범양건영,산업재,자본재,2410
도화엔지니어링,산업재,자본재,2150
세진중공업,산업재,자본재,75580
금화피에스시,산업재,자본재,36190
한국테크놀로지,산업재,자본재,53590
한진중공업,산업재,자본재,97230
일성건설,산업재,자본재,13360
케이프,산업재,자본재,64820
일진홀딩스,산업재,자본재,15860
일신석재,산업재,자본재,7110
이화전기,산업재,자본재,24810
한솔홈데코,산업재,자본재,25750
한신기계,산업재,자본재,11700
우진,산업재,자본재,105840
동아지질,산업재,자본재,28100
휴센텍,산업재,자본재,215090
금강공업,산업재,자본재,14280
티에스아이,산업재,자본재,277880
한일현대시멘트,산업재,자본재,6390
초록뱀컴퍼니,산업재,자본재,52300
에넥스,산업재,자본재,11090
레인보우로보틱스,산업재,자본재,277810
GS글로벌,산업재,자본재,1250
한라,산업재,자본재,14790
에스와이,산업재,자본재,109610
자이에스앤디,산업재,자본재,317400
에스엠코어,산업재,자본재,7820
오리엔탈정공,산업재,자본재,14940
빅텍,산업재,자본재,65450
대원전선,산업재,자본재,6340
나라엠앤디,산업재,자본재,51490
홈센타홀딩스,산업재,자본재,60560
웰크론,산업재,자본재,65950
제노코,산업재,자본재,361390
노루페인트,산업재,자본재,90350
에이테크솔루션,산업재,자본재,71670
켄코아에어로스페이스,산업재,자본재,274090
비츠로테크,산업재,자본재,42370
화성산업,산업재,자본재,2460
이건산업,산업재,자본재,8250
디와이파워,산업재,자본재,210540
신세계건설,산업재,자본재,34300
유니온,산업재,자본재,910
휴림로봇,산업재,자본재,90710
동신건설,산업재,자본재,25950
보광산업,산업재,자본재,225530
원방테크,산업재,자본재,53080
에이트원,산업재,자본재,230980
일진전기,산업재,자본재,103590
광명전기,산업재,자본재,17040
에너토크,산업재,자본재,19990
조광ILI,산업재,자본재,44060
신원종합개발,산업재,자본재,17000
상지카일룸,산업재,자본재,42940
씨에스베어링,산업재,자본재,297090
삼호개발,산업재,자본재,10960
덕신하우징,산업재,자본재,90410
오하임아이엔티,산업재,자본재,309930
LS전선아시아,산업재,자본재,229640
디와이,산업재,자본재,13570
강남제비스코,산업재,자본재,860
알에스오토메이션,산업재,자본재,140670
삼목에스폼,산업재,자본재,18310
국보디자인,산업재,자본재,66620
영풍정밀,산업재,자본재,36560
KC코트렐,산업재,자본재,119650
휴니드,산업재,자본재,5870
한미글로벌,산업재,자본재,53690
KT서브마린,산업재,자본재,60370
삼익THK,산업재,자본재,4380
KCC건설,산업재,자본재,21320
대창솔루션,산업재,자본재,96350
KH E&T,산업재,자본재,226360
이화공영,산업재,자본재,1840
메디콕스,산업재,자본재,54180
파라텍,산업재,자본재,33540
에이스침대,산업재,자본재,3800
까뮤이앤씨,산업재,자본재,13700
아이쓰리시스템,산업재,자본재,214430
HDC아이콘트롤스,산업재,자본재,39570
제룡전기,산업재,자본재,33100
SGC이테크건설,산업재,자본재,16250
수성이노베이션,산업재,자본재,84180
엔케이,산업재,자본재,85310
부산산업,산업재,자본재,11390
코메론,산업재,자본재,49430
이더블유케이,산업재,자본재,258610
우원개발,산업재,자본재,46940
제일전기공업,산업재,자본재,199820
디케이락,산업재,자본재,105740
이건홀딩스,산업재,자본재,39020
웰크론한텍,산업재,자본재,76080
고려시멘트,산업재,자본재,198440
수산중공업,산업재,자본재,17550
퍼스텍,산업재,자본재,10820
KC그린홀딩스,산업재,자본재,9440
지엔씨에너지,산업재,자본재,119850
대림B&Co,산업재,자본재,5750
대양전기공업,산업재,자본재,108380
서전기전,산업재,자본재,189860
큐로,산업재,자본재,15590
SNT에너지,산업재,자본재,100840
희림,산업재,자본재,37440
가온전선,산업재,자본재,500
국영지앤엠,산업재,자본재,6050
에쓰씨엔지니어링,산업재,자본재,23960
남광토건,산업재,자본재,1260
선도전기,산업재,자본재,7610
우진플라임,산업재,자본재,49800
혜인,산업재,자본재,3010
정산애강,산업재,자본재,22220
인화정공,산업재,자본재,101930
라이온켐텍,산업재,자본재,171120
대창단조,산업재,자본재,15230
다스코,산업재,자본재,58730
노루홀딩스,산업재,자본재,320
삼일씨엔에스,산업재,자본재,4440
STX중공업,산업재,자본재,71970
조광페인트,산업재,자본재,4910
현대에버다임,산업재,자본재,41440
비에이치아이,산업재,자본재,83650
세명전기,산업재,자본재,17510
케이피에프,산업재,자본재,24880
아스플로,산업재,자본재,159010
남화토건,산업재,자본재,91590
모헨즈,산업재,자본재,6920
프럼파스트,산업재,자본재,35200
비엠티,산업재,자본재,86670
삼영엠텍,산업재,자본재,54540
KBI메탈,산업재,자본재,24840
STX엔진,산업재,자본재,77970
동일금속,산업재,자본재,109860
하이즈항공,산업재,자본재,221840
흥국,산업재,자본재,10240
SG,산업재,자본재,255220
삼영이엔씨,산업재,자본재,65570
제룡산업,산업재,자본재,147830
한라IMS,산업재,자본재,92460
화천기공,산업재,자본재,850
아세아텍,산업재,자본재,50860
한국종합기술,산업재,자본재,23350
스맥,산업재,자본재,99440
동양파일,산업재,자본재,228340
화성밸브,산업재,자본재,39610
부스타,산업재,자본재,8470
에이치케이,산업재,자본재,44780
기신정기,산업재,자본재,92440
유신,산업재,자본재,54930
세보엠이씨,산업재,자본재,11560
화천기계,산업재,자본재,10660
삼일기업공사,산업재,자본재,2290
포메탈,산업재,자본재,119500
대모,산업재,자본재,317850
프리엠스,산업재,자본재,53160
시디즈,산업재,자본재,134790
제일테크노스,산업재,자본재,38010
신진에스엠,산업재,자본재,138070
자비스,산업재,자본재,254120
상상인인더스트리,산업재,자본재,101000
KD,산업재,자본재,44180
코아스,산업재,자본재,71950
STX,산업재,자본재,11810
서암기계공업,산업재,자본재,100660
우림피티에스,산업재,자본재,101170
피앤씨테크,산업재,자본재,237750
뉴보텍,산업재,자본재,60260
케이에스피,산업재,자본재,73010
대동기어,산업재,자본재,8830
TPC,산업재,자본재,48770
에쎈테크,산업재,자본재,43340
윈하이텍,산업재,자본재,192390
대원,산업재,자본재,7680
코리아에스이,산업재,자본재,101670
와토스코리아,산업재,자본재,79000
우진아이엔에스,산업재,자본재,10400
서산,산업재,자본재,79650
듀오백,산업재,자본재,73190
일승,산업재,자본재,333430
해성티피씨,산업재,자본재,59270
에스피시스템스,산업재,자본재,317830
대림통상,산업재,자본재,6570
에스원,산업재,상업서비스와공급품,12750
NICE평가정보,산업재,상업서비스와공급품,30190
NICE,산업재,상업서비스와공급품,34310
인선이엔티,산업재,상업서비스와공급품,60150
사람인에이치알,산업재,상업서비스와공급품,143240
제넨바이오,산업재,상업서비스와공급품,72520
아이마켓코리아,산업재,상업서비스와공급품,122900
코엔텍,산업재,상업서비스와공급품,29960
나이스정보통신,산업재,상업서비스와공급품,36800
현대이지웰,산업재,상업서비스와공급품,90850
리파인,산업재,상업서비스와공급품,377450
자연과환경,산업재,상업서비스와공급품,43910
나이스디앤비,산업재,상업서비스와공급품,130580
한국기업평가,산업재,상업서비스와공급품,34950
이크레더블,산업재,상업서비스와공급품,92130
KTcs,산업재,상업서비스와공급품,58850
효성ITX,산업재,상업서비스와공급품,94280
고려신용정보,산업재,상업서비스와공급품,49720
KTis,산업재,상업서비스와공급품,58860
SCI평가정보,산업재,상업서비스와공급품,36120
누리플랜,산업재,상업서비스와공급품,69140
HMM,산업재,운송,11200
대한항공,산업재,운송,3490
맥쿼리인프라,산업재,운송,88980
현대글로비스,산업재,운송,86280
한진칼,산업재,운송,180640
CJ대한통운,산업재,운송,120
팬오션,산업재,운송,28670
아시아나항공,산업재,운송,20560
흥아해운,산업재,운송,3280
롯데렌탈,산업재,운송,89860
진에어,산업재,운송,272450
한진,산업재,운송,2320
대한해운,산업재,운송,5880
제주항공,산업재,운송,89590
현대무벡스,산업재,운송,319400
에어부산,산업재,운송,298690
티웨이항공,산업재,운송,91810
동방,산업재,운송,4140
KCTC,산업재,운송,9070
KSS해운,산업재,운송,44450
선광,산업재,운송,3100
세방,산업재,운송,4360
SK렌터카,산업재,운송,68400
와이엔텍,산업재,운송,67900
국보,산업재,운송,1140
한솔로지스틱스,산업재,운송,9180
유수홀딩스,산업재,운송,700
태웅로직스,산업재,운송,124560
AJ네트웍스,산업재,운송,95570
토탈소프트,산업재,운송,45340
한국공항,산업재,운송,5430
바다로19호,산업재,운송,155900
유성티엔에스,산업재,운송,24800
레드캡투어,산업재,운송,38390
한익스프레스,산업재,운송,14130
SG&G,산업재,운송,40610
삼일,산업재,운송,32280
인터지스,산업재,운송,129260
티웨이홀딩스,산업재,운송,4870
하이골드3호,산업재,운송,153360
예림당,산업재,운송,36000
동양고속,산업재,운송,84670
천일고속,산업재,운송,650
현대차,경기관련소비재,자동차와부품,5380
기아,경기관련소비재,자동차와부품,270
현대모비스,경기관련소비재,자동차와부품,12330
한국타이어앤테크놀로지,경기관련소비재,자동차와부품,161390
한온시스템,경기관련소비재,자동차와부품,18880
만도,경기관련소비재,자동차와부품,204320
현대위아,경기관련소비재,자동차와부품,11210
일진하이솔루스,경기관련소비재,자동차와부품,271940
세방전지,경기관련소비재,자동차와부품,4490
명신산업,경기관련소비재,자동차와부품,9900
에스엘,경기관련소비재,자동차와부품,5850
한국단자,경기관련소비재,자동차와부품,25540
금호타이어,경기관련소비재,자동차와부품,73240
한국앤컴퍼니,경기관련소비재,자동차와부품,240
SNT모티브,경기관련소비재,자동차와부품,64960
한라홀딩스,경기관련소비재,자동차와부품,60980
성우하이텍,경기관련소비재,자동차와부품,15750
아이에이,경기관련소비재,자동차와부품,38880
금호에이치티,경기관련소비재,자동차와부품,214330
넥센타이어,경기관련소비재,자동차와부품,2350
디티알오토모티브,경기관련소비재,자동차와부품,7340
서연,경기관련소비재,자동차와부품,7860
세종공업,경기관련소비재,자동차와부품,33530
대원강업,경기관련소비재,자동차와부품,430
화신,경기관련소비재,자동차와부품,10690
우수AMS,경기관련소비재,자동차와부품,66590
엠에스오토텍,경기관련소비재,자동차와부품,123040
우리산업,경기관련소비재,자동차와부품,215360
인지컨트롤스,경기관련소비재,자동차와부품,23800
세원,경기관련소비재,자동차와부품,234100
코프라,경기관련소비재,자동차와부품,126600
삼기,경기관련소비재,자동차와부품,122350
CBI,경기관련소비재,자동차와부품,13720
트루윈,경기관련소비재,자동차와부품,105550
이원컴포텍,경기관련소비재,자동차와부품,88290
센트랄모텍,경기관련소비재,자동차와부품,308170
동아화성,경기관련소비재,자동차와부품,41930
피에이치에이,경기관련소비재,자동차와부품,43370
모트렉스,경기관련소비재,자동차와부품,118990
디아이씨,경기관련소비재,자동차와부품,92200
넥센,경기관련소비재,자동차와부품,5720
대우부품,경기관련소비재,자동차와부품,9320
SNT홀딩스,경기관련소비재,자동차와부품,36530
SNT중공업,경기관련소비재,자동차와부품,3570
모토닉,경기관련소비재,자동차와부품,9680
대유에이텍,경기관련소비재,자동차와부품,2880
대유플러스,경기관련소비재,자동차와부품,300
서연이화,경기관련소비재,자동차와부품,200880
유니온머티리얼,경기관련소비재,자동차와부품,47400
영화테크,경기관련소비재,자동차와부품,265560
아진산업,경기관련소비재,자동차와부품,13310
유니테크노,경기관련소비재,자동차와부품,241690
유니크,경기관련소비재,자동차와부품,11320
광진윈텍,경기관련소비재,자동차와부품,90150
HDC현대EP,경기관련소비재,자동차와부품,89470
계양전기,경기관련소비재,자동차와부품,12200
크린앤사이언스,경기관련소비재,자동차와부품,45520
모베이스전자,경기관련소비재,자동차와부품,12860
에코플라스틱,경기관련소비재,자동차와부품,38110
인팩,경기관련소비재,자동차와부품,23810
삼보모터스,경기관련소비재,자동차와부품,53700
엔브이에이치코리아,경기관련소비재,자동차와부품,67570
케이엔더블유,경기관련소비재,자동차와부품,105330
영화금속,경기관련소비재,자동차와부품,12280
덕양산업,경기관련소비재,자동차와부품,24900
삼성공조,경기관련소비재,자동차와부품,6660
코리아에프티,경기관련소비재,자동차와부품,123410
두올,경기관련소비재,자동차와부품,16740
경창산업,경기관련소비재,자동차와부품,24910
동아타이어,경기관련소비재,자동차와부품,282690
화승코퍼레이션,경기관련소비재,자동차와부품,13520
오스템,경기관련소비재,자동차와부품,31510
대성파인텍,경기관련소비재,자동차와부품,104040
우신시스템,경기관련소비재,자동차와부품,17370
현대공업,경기관련소비재,자동차와부품,170030
한일단조,경기관련소비재,자동차와부품,24740
다이나믹디자인,경기관련소비재,자동차와부품,145210
대원산업,경기관련소비재,자동차와부품,5710
화승알앤에이,경기관련소비재,자동차와부품,378850
한국프랜지,경기관련소비재,자동차와부품,10100
지엠비코리아,경기관련소비재,자동차와부품,13870
오리엔트정공,경기관련소비재,자동차와부품,65500
삼원강재,경기관련소비재,자동차와부품,23000
대성엘텍,경기관련소비재,자동차와부품,25440
캐스텍코리아,경기관련소비재,자동차와부품,71850
KR모터스,경기관련소비재,자동차와부품,40
화신정공,경기관련소비재,자동차와부품,126640
케이비아이동국실업,경기관련소비재,자동차와부품,1620
유성기업,경기관련소비재,자동차와부품,2920
팬스타엔터프라이즈,경기관련소비재,자동차와부품,54300
세원정공,경기관련소비재,자동차와부품,21820
티에이치엔,경기관련소비재,자동차와부품,19180
모베이스,경기관련소비재,자동차와부품,101330
상신브레이크,경기관련소비재,자동차와부품,41650
구영테크,경기관련소비재,자동차와부품,53270
동양피스톤,경기관련소비재,자동차와부품,92780
에코캡,경기관련소비재,자동차와부품,128540
한국큐빅,경기관련소비재,자동차와부품,21650
서연탑메탈,경기관련소비재,자동차와부품,19770
평화산업,경기관련소비재,자동차와부품,90080
핸즈코퍼레이션,경기관련소비재,자동차와부품,143210
영신금속,경기관련소비재,자동차와부품,7530
새론오토모티브,경기관련소비재,자동차와부품,75180
GH신소재,경기관련소비재,자동차와부품,130500
유라테크,경기관련소비재,자동차와부품,48430
성창오토텍,경기관련소비재,자동차와부품,80470
SJM,경기관련소비재,자동차와부품,123700
동일고무벨트,경기관련소비재,자동차와부품,163560
SG글로벌,경기관련소비재,자동차와부품,1380
태양금속,경기관련소비재,자동차와부품,4100
동원금속,경기관련소비재,자동차와부품,18500
솔루에타,경기관련소비재,자동차와부품,154040
우리산업홀딩스,경기관련소비재,자동차와부품,72470
평화홀딩스,경기관련소비재,자동차와부품,10770
풍강,경기관련소비재,자동차와부품,93380
네오티스,경기관련소비재,자동차와부품,85910
DRB동일,경기관련소비재,자동차와부품,4840
네오오토,경기관련소비재,자동차와부품,212560
일지테크,경기관련소비재,자동차와부품,19540
체시스,경기관련소비재,자동차와부품,33250
부산주공,경기관련소비재,자동차와부품,5030
티피씨글로벌,경기관련소비재,자동차와부품,130740
태원물산,경기관련소비재,자동차와부품,1420
KB오토시스,경기관련소비재,자동차와부품,24120
디젠스,경기관련소비재,자동차와부품,113810
THE MIDONG,경기관련소비재,자동차와부품,161570
대유에이피,경기관련소비재,자동차와부품,290120
SJM홀딩스,경기관련소비재,자동차와부품,25530
세동,경기관련소비재,자동차와부품,53060
대동금속,경기관련소비재,자동차와부품,20400
일정실업,경기관련소비재,자동차와부품,8500
LG생활건강,경기관련소비재,내구소비재와의류,51900
아모레퍼시픽,경기관련소비재,내구소비재와의류,90430
코웨이,경기관련소비재,내구소비재와의류,21240
F&F,경기관련소비재,내구소비재와의류,383220
휠라홀딩스,경기관련소비재,내구소비재와의류,81660
효성티앤씨,경기관련소비재,내구소비재와의류,298020
아모레G,경기관련소비재,내구소비재와의류,2790
코스맥스,경기관련소비재,내구소비재와의류,192820
영원무역,경기관련소비재,내구소비재와의류,111770
현대바이오,경기관련소비재,내구소비재와의류,48410
한국콜마,경기관련소비재,내구소비재와의류,161890
F&F홀딩스,경기관련소비재,내구소비재와의류,7700
한섬,경기관련소비재,내구소비재와의류,20000
현대그린푸드,경기관련소비재,내구소비재와의류,5440
경동나비엔,경기관련소비재,내구소비재와의류,9450
신세계인터내셔날,경기관련소비재,내구소비재와의류,31430
한세실업,경기관련소비재,내구소비재와의류,105630
DI동일,경기관련소비재,내구소비재와의류,1530
LF,경기관련소비재,내구소비재와의류,93050
라파스,경기관련소비재,내구소비재와의류,214260
화승엔터프라이즈,경기관련소비재,내구소비재와의류,241590
더네이쳐홀딩스,경기관련소비재,내구소비재와의류,298540
아이큐어,경기관련소비재,내구소비재와의류,175250
신성델타테크,경기관련소비재,내구소비재와의류,65350
영원무역홀딩스,경기관련소비재,내구소비재와의류,9970
크리스에프앤씨,경기관련소비재,내구소비재와의류,110790
덕성,경기관련소비재,내구소비재와의류,4830
화승인더,경기관련소비재,내구소비재와의류,6060
한국콜마홀딩스,경기관련소비재,내구소비재와의류,24720
코웰패션,경기관련소비재,내구소비재와의류,33290
쿠쿠홈시스,경기관련소비재,내구소비재와의류,284740
현대바이오랜드,경기관련소비재,내구소비재와의류,52260
애경산업,경기관련소비재,내구소비재와의류,18250
골프존뉴딘홀딩스,경기관련소비재,내구소비재와의류,121440
브이티지엠피,경기관련소비재,내구소비재와의류,18290
신성통상,경기관련소비재,내구소비재와의류,5390
쌍방울,경기관련소비재,내구소비재와의류,102280
올리패스,경기관련소비재,내구소비재와의류,244460
위닉스,경기관련소비재,내구소비재와의류,44340
경방,경기관련소비재,내구소비재와의류,50
새로닉스,경기관련소비재,내구소비재와의류,42600
인바이오젠,경기관련소비재,내구소비재와의류,101140
브랜드엑스코퍼레이션,경기관련소비재,내구소비재와의류,337930
아가방컴퍼니,경기관련소비재,내구소비재와의류,13990
신원,경기관련소비재,내구소비재와의류,9270
휴비스,경기관련소비재,내구소비재와의류,79980
쿠쿠홀딩스,경기관련소비재,내구소비재와의류,192400
일신방직,경기관련소비재,내구소비재와의류,3200
네오팜,경기관련소비재,내구소비재와의류,92730
제이에스코퍼레이션,경기관련소비재,내구소비재와의류,194370
씨티케이,경기관련소비재,내구소비재와의류,260930
오텍,경기관련소비재,내구소비재와의류,67170
신일전자,경기관련소비재,내구소비재와의류,2700
국동,경기관련소비재,내구소비재와의류,5320
삼성출판사,경기관련소비재,내구소비재와의류,68290
대원화성,경기관련소비재,내구소비재와의류,24890
씨앤투스성진,경기관련소비재,내구소비재와의류,352700
조광피혁,경기관련소비재,내구소비재와의류,4700
클리오,경기관련소비재,내구소비재와의류,237880
글로본,경기관련소비재,내구소비재와의류,19660
젬백스링크,경기관련소비재,내구소비재와의류,64800
대한방직,경기관련소비재,내구소비재와의류,1070
골드퍼시픽,경기관련소비재,내구소비재와의류,38530
코리아나,경기관련소비재,내구소비재와의류,27050
에스제이그룹,경기관련소비재,내구소비재와의류,306040
윌비스,경기관련소비재,내구소비재와의류,8600
코스메카코리아,경기관련소비재,내구소비재와의류,241710
BYC,경기관련소비재,내구소비재와의류,1460
제로투세븐,경기관련소비재,내구소비재와의류,159580
잇츠한불,경기관련소비재,내구소비재와의류,226320
에브리봇,경기관련소비재,내구소비재와의류,270660
NPC,경기관련소비재,내구소비재와의류,4250
파세코,경기관련소비재,내구소비재와의류,37070
웰바이오텍,경기관련소비재,내구소비재와의류,10600
삼익악기,경기관련소비재,내구소비재와의류,2450
삼양통상,경기관련소비재,내구소비재와의류,2170
백산,경기관련소비재,내구소비재와의류,35150
유니켐,경기관련소비재,내구소비재와의류,11330
형지엘리트,경기관련소비재,내구소비재와의류,93240
한국화장품,경기관련소비재,내구소비재와의류,123690
삼천리자전거,경기관련소비재,내구소비재와의류,24950
제이준코스메틱,경기관련소비재,내구소비재와의류,25620
비비안,경기관련소비재,내구소비재와의류,2070
SG세계물산,경기관련소비재,내구소비재와의류,4060
에이블씨엔씨,경기관련소비재,내구소비재와의류,78520
엔바이오니아,경기관련소비재,내구소비재와의류,317870
방림,경기관련소비재,내구소비재와의류,3610
손오공,경기관련소비재,내구소비재와의류,66910
대현,경기관련소비재,내구소비재와의류,16090
이녹스,경기관련소비재,내구소비재와의류,88390
태평양물산,경기관련소비재,내구소비재와의류,7980
하츠,경기관련소비재,내구소비재와의류,66130
한세예스24홀딩스,경기관련소비재,내구소비재와의류,16450
부방,경기관련소비재,내구소비재와의류,14470
유진로봇,경기관련소비재,내구소비재와의류,56080
씨앤씨인터내셔널,경기관련소비재,내구소비재와의류,352480
모나미,경기관련소비재,내구소비재와의류,5360
토박스코리아,경기관련소비재,내구소비재와의류,215480
위니아딤채,경기관련소비재,내구소비재와의류,71460
지엔코,경기관련소비재,내구소비재와의류,65060
폴라리스우노,경기관련소비재,내구소비재와의류,114630
신영와코루,경기관련소비재,내구소비재와의류,5800
오로라,경기관련소비재,내구소비재와의류,39830
엔에프씨,경기관련소비재,내구소비재와의류,265740
코스나인,경기관련소비재,내구소비재와의류,82660
케이엠,경기관련소비재,내구소비재와의류,83550
리더스코스메틱,경기관련소비재,내구소비재와의류,16100
제이에스티나,경기관련소비재,내구소비재와의류,26040
메타랩스,경기관련소비재,내구소비재와의류,90370
아즈텍WB,경기관련소비재,내구소비재와의류,32080
엠에프엠코리아,경기관련소비재,내구소비재와의류,323230
바른손,경기관련소비재,내구소비재와의류,18700
세화피앤씨,경기관련소비재,내구소비재와의류,252500
한국화장품제조,경기관련소비재,내구소비재와의류,3350
한독크린텍,경기관련소비재,내구소비재와의류,256150
아이패밀리에스씨,경기관련소비재,내구소비재와의류,114840
씨큐브,경기관련소비재,내구소비재와의류,101240
코데즈컴바인,경기관련소비재,내구소비재와의류,47770
호전실업,경기관련소비재,내구소비재와의류,111110
토니모리,경기관련소비재,내구소비재와의류,214420
인디에프,경기관련소비재,내구소비재와의류,14990
본느,경기관련소비재,내구소비재와의류,226340
디케이앤디,경기관련소비재,내구소비재와의류,263020
배럴,경기관련소비재,내구소비재와의류,267790
그리티,경기관련소비재,내구소비재와의류,204020
전방,경기관련소비재,내구소비재와의류,950
선진뷰티사이언스,경기관련소비재,내구소비재와의류,86710
PN풍년,경기관련소비재,내구소비재와의류,24940
TBH글로벌,경기관련소비재,내구소비재와의류,84870
알톤스포츠,경기관련소비재,내구소비재와의류,123750
원풍물산,경기관련소비재,내구소비재와의류,8290
에스디생명공학,경기관련소비재,내구소비재와의류,217480
LS네트웍스,경기관련소비재,내구소비재와의류,680
형지I&C,경기관련소비재,내구소비재와의류,11080
제닉,경기관련소비재,내구소비재와의류,123330
패션플랫폼,경기관련소비재,내구소비재와의류,225590
한세엠케이,경기관련소비재,내구소비재와의류,69640
까스텔바작,경기관련소비재,내구소비재와의류,308100
코디,경기관련소비재,내구소비재와의류,80530
진도,경기관련소비재,내구소비재와의류,88790
피코그램,경기관련소비재,내구소비재와의류,376180
디와이디대양,경기관련소비재,내구소비재와의류,219550
양지사,경기관련소비재,내구소비재와의류,30960
아우딘퓨쳐스,경기관련소비재,내구소비재와의류,227610
자이글,경기관련소비재,내구소비재와의류,234920
에스티오,경기관련소비재,내구소비재와의류,98660
강원랜드,경기관련소비재,"호텔,레스토랑,레저등",35250
호텔신라,경기관련소비재,"호텔,레스토랑,레저등",8770
하나투어,경기관련소비재,"호텔,레스토랑,레저등",39130
파라다이스,경기관련소비재,"호텔,레스토랑,레저등",34230
아난티,경기관련소비재,"호텔,레스토랑,레저등",25980
롯데관광개발,경기관련소비재,"호텔,레스토랑,레저등",32350
GKL,경기관련소비재,"호텔,레스토랑,레저등",114090
모두투어,경기관련소비재,"호텔,레스토랑,레저등",80160
서부T&D,경기관련소비재,"호텔,레스토랑,레저등",6730
맘스터치,경기관련소비재,"호텔,레스토랑,레저등",220630
신세계푸드,경기관련소비재,"호텔,레스토랑,레저등",31440
용평리조트,경기관련소비재,"호텔,레스토랑,레저등",70960
참좋은여행,경기관련소비재,"호텔,레스토랑,레저등",94850
이월드,경기관련소비재,"호텔,레스토랑,레저등",84680
노랑풍선,경기관련소비재,"호텔,레스토랑,레저등",104620
시공테크,경기관련소비재,"호텔,레스토랑,레저등",20710
디딤,경기관련소비재,"호텔,레스토랑,레저등",217620
남화산업,경기관련소비재,"호텔,레스토랑,레저등",111710
이마트,경기관련소비재,소매(유통),139480
신세계,경기관련소비재,소매(유통),4170
BGF리테일,경기관련소비재,소매(유통),282330
롯데쇼핑,경기관련소비재,소매(유통),23530
GS리테일,경기관련소비재,소매(유통),7070
현대백화점,경기관련소비재,소매(유통),69960
현대홈쇼핑,경기관련소비재,소매(유통),57050
인터파크,경기관련소비재,소매(유통),35080
케이카,경기관련소비재,소매(유통),381970
서울옥션,경기관련소비재,소매(유통),63170
롯데하이마트,경기관련소비재,소매(유통),71840
다나와,경기관련소비재,소매(유통),119860
코리아센터,경기관련소비재,소매(유통),290510
엔에스쇼핑,경기관련소비재,소매(유통),138250
BGF,경기관련소비재,소매(유통),27410
큐렉소,경기관련소비재,소매(유통),60280
케이티알파,경기관련소비재,소매(유통),36030
도이치모터스,경기관련소비재,소매(유통),67990
예스24,경기관련소비재,소매(유통),53280
광주신세계,경기관련소비재,소매(유통),37710
실리콘투,경기관련소비재,소매(유통),257720
대명소노시즌,경기관련소비재,소매(유통),7720
대구백화점,경기관련소비재,소매(유통),6370
세이브존I&C,경기관련소비재,소매(유통),67830
베뉴지,경기관련소비재,소매(유통),19010
씨유메디칼,경기관련소비재,소매(유통),115480
이상네트웍스,경기관련소비재,소매(유통),80010
아이에스이커머스,경기관련소비재,소매(유통),69920
비케이탑스,경기관련소비재,소매(유통),30790
YW,경기관련소비재,소매(유통),51390
메가스터디교육,경기관련소비재,교육서비스,215200
청담러닝,경기관련소비재,교육서비스,96240
디지털대성,경기관련소비재,교육서비스,68930
웅진씽크빅,경기관련소비재,교육서비스,95720
NE능률,경기관련소비재,교육서비스,53290
메가스터디,경기관련소비재,교육서비스,72870
멀티캠퍼스,경기관련소비재,교육서비스,67280
로보티즈,경기관련소비재,교육서비스,108490
대교,경기관련소비재,교육서비스,19680
정상제이엘에스,경기관련소비재,교육서비스,40420
YBM넷,경기관련소비재,교육서비스,57030
메가엠디,경기관련소비재,교육서비스,133750
아이비김영,경기관련소비재,교육서비스,339950
씨엠에스에듀,경기관련소비재,교육서비스,225330
비상교육,경기관련소비재,교육서비스,100220
아이스크림에듀,경기관련소비재,교육서비스,289010
로보로보,경기관련소비재,교육서비스,215100
이퓨쳐,경기관련소비재,교육서비스,134060
CJ프레시웨이,필수소비재,식품과기본식료품소매,51500
지어소프트,필수소비재,식품과기본식료품소매,51160
현대코퍼레이션홀딩스,필수소비재,식품과기본식료품소매,227840
네오크레마,필수소비재,식품과기본식료품소매,311390
한국가구,필수소비재,식품과기본식료품소매,4590
신송홀딩스,필수소비재,식품과기본식료품소매,6880
보라티알,필수소비재,식품과기본식료품소매,250000
KT&G,필수소비재,"식품,음료,담배",33780
CJ제일제당,필수소비재,"식품,음료,담배",97950
오리온,필수소비재,"식품,음료,담배",271560
메지온,필수소비재,"식품,음료,담배",140410
하이트진로,필수소비재,"식품,음료,담배",80
동서,필수소비재,"식품,음료,담배",26960
롯데지주,필수소비재,"식품,음료,담배",4990
농심,필수소비재,"식품,음료,담배",4370
넥스트사이언스,필수소비재,"식품,음료,담배",3580
오뚜기,필수소비재,"식품,음료,담배",7310
롯데칠성,필수소비재,"식품,음료,담배",5300
대상,필수소비재,"식품,음료,담배",1680
삼양홀딩스,필수소비재,"식품,음료,담배",70
삼양식품,필수소비재,"식품,음료,담배",3230
오리온홀딩스,필수소비재,"식품,음료,담배",1800
빙그레,필수소비재,"식품,음료,담배",5180
하림지주,필수소비재,"식품,음료,담배",3380
동원산업,필수소비재,"식품,음료,담배",6040
풀무원,필수소비재,"식품,음료,담배",17810
동원F&B,필수소비재,"식품,음료,담배",49770
매일유업,필수소비재,"식품,음료,담배",267980
삼양사,필수소비재,"식품,음료,담배",145990
이지홀딩스,필수소비재,"식품,음료,담배",35810
롯데제과,필수소비재,"식품,음료,담배",280360
선진,필수소비재,"식품,음료,담배",136490
대한제분,필수소비재,"식품,음료,담배",1130
롯데푸드,필수소비재,"식품,음료,담배",2270
대한제당,필수소비재,"식품,음료,담배",1790
남양유업,필수소비재,"식품,음료,담배",3920
SPC삼립,필수소비재,"식품,음료,담배",5610
하림,필수소비재,"식품,음료,담배",136480
농심홀딩스,필수소비재,"식품,음료,담배",72710
대상홀딩스,필수소비재,"식품,음료,담배",84690
제주맥주,필수소비재,"식품,음료,담배",276730
사조산업,필수소비재,"식품,음료,담배",7160
서울식품,필수소비재,"식품,음료,담배",4410
무학,필수소비재,"식품,음료,담배",33920
이지바이오,필수소비재,"식품,음료,담배",353810
보해양조,필수소비재,"식품,음료,담배",890
팜스토리,필수소비재,"식품,음료,담배",27710
하이트진로홀딩스,필수소비재,"식품,음료,담배",140
팜스코,필수소비재,"식품,음료,담배",36580
에이치피오,필수소비재,"식품,음료,담배",357230
보락,필수소비재,"식품,음료,담배",2760
교촌에프앤비,필수소비재,"식품,음료,담배",339770
사조대림,필수소비재,"식품,음료,담배",3960
우리손에프앤지,필수소비재,"식품,음료,담배",73560
샘표식품,필수소비재,"식품,음료,담배",248170
창해에탄올,필수소비재,"식품,음료,담배",4650
CJ씨푸드,필수소비재,"식품,음료,담배",11150
사조동아원,필수소비재,"식품,음료,담배",8040
진로발효,필수소비재,"식품,음료,담배",18120
풍국주정,필수소비재,"식품,음료,담배",23900
국순당,필수소비재,"식품,음료,담배",43650
해태제과식품,필수소비재,"식품,음료,담배",101530
푸드나무,필수소비재,"식품,음료,담배",290720
마니커,필수소비재,"식품,음료,담배",27740
신라교역,필수소비재,"식품,음료,담배",4970
흥국에프엔비,필수소비재,"식품,음료,담배",189980
마니커에프앤지,필수소비재,"식품,음료,담배",195500
크라운해태홀딩스,필수소비재,"식품,음료,담배",5740
정다운,필수소비재,"식품,음료,담배",208140
인산가,필수소비재,"식품,음료,담배",277410
크라운제과,필수소비재,"식품,음료,담배",264900
대주산업,필수소비재,"식품,음료,담배",3310
한국맥널티,필수소비재,"식품,음료,담배",222980
에스앤디,필수소비재,"식품,음료,담배",260970
우성,필수소비재,"식품,음료,담배",6980
고려산업,필수소비재,"식품,음료,담배",2140
한일사료,필수소비재,"식품,음료,담배",5860
조흥,필수소비재,"식품,음료,담배",2600
우양,필수소비재,"식품,음료,담배",103840
매일홀딩스,필수소비재,"식품,음료,담배",5990
사조씨푸드,필수소비재,"식품,음료,담배",14710
샘표,필수소비재,"식품,음료,담배",7540
푸드웰,필수소비재,"식품,음료,담배",5670
MH에탄올,필수소비재,"식품,음료,담배",23150
동우팜투테이블,필수소비재,"식품,음료,담배",88910
사조오양,필수소비재,"식품,음료,담배",6090
미래생명자원,필수소비재,"식품,음료,담배",218150
케이씨피드,필수소비재,"식품,음료,담배",25880
동원수산,필수소비재,"식품,음료,담배",30720
엠에스씨,필수소비재,"식품,음료,담배",9780
현대사료,필수소비재,"식품,음료,담배",16790
신라에스지,필수소비재,"식품,음료,담배",25870
한성기업,필수소비재,"식품,음료,담배",3680
체리부로,필수소비재,"식품,음료,담배",66360
한탑,필수소비재,"식품,음료,담배",2680
에이비프로바이오,필수소비재,가정용품과개인용품,195990
TS트릴리온,필수소비재,가정용품과개인용품,317240
블루베리 NFT,필수소비재,가정용품과개인용품,44480
모나리자,필수소비재,가정용품과개인용품,12690
비비씨,필수소비재,가정용품과개인용품,318410
케이엠제약,필수소비재,가정용품과개인용품,225430
태양,필수소비재,가정용품과개인용품,53620
삼정펄프,필수소비재,가정용품과개인용품,9770
에스디바이오센서,건강관리,건강관리장비와서비스,137310
오스템임플란트,건강관리,건강관리장비와서비스,48260
한국비엔씨,건강관리,건강관리장비와서비스,256840
녹십자랩셀,건강관리,건강관리장비와서비스,144510
이오플로우,건강관리,건강관리장비와서비스,294090
엘앤씨바이오,건강관리,건강관리장비와서비스,290650
덴티움,건강관리,건강관리장비와서비스,145720
디오,건강관리,건강관리장비와서비스,39840
루트로닉,건강관리,건강관리장비와서비스,85370
제이시스메디칼,건강관리,건강관리장비와서비스,287410
아이센스,건강관리,건강관리장비와서비스,99190
제테마,건강관리,건강관리장비와서비스,216080
뷰웍스,건강관리,건강관리장비와서비스,100120
바텍,건강관리,건강관리장비와서비스,43150
인바디,건강관리,건강관리장비와서비스,41830
레이,건강관리,건강관리장비와서비스,228670
인터로조,건강관리,건강관리장비와서비스,119610
나이벡,건강관리,건강관리장비와서비스,138610
인트로메딕,건강관리,건강관리장비와서비스,150840
지노믹트리,건강관리,건강관리장비와서비스,228760
시너지이노베이션,건강관리,건강관리장비와서비스,48870
유비케어,건강관리,건강관리장비와서비스,32620
수젠텍,건강관리,건강관리장비와서비스,253840
클래시스,건강관리,건강관리장비와서비스,214150
피플바이오,건강관리,건강관리장비와서비스,304840
티앤엘,건강관리,건강관리장비와서비스,340570
한컴라이프케어,건강관리,건강관리장비와서비스,372910
엘앤케이바이오,건강관리,건강관리장비와서비스,156100
미코바이오메드,건강관리,건강관리장비와서비스,214610
뷰노,건강관리,건강관리장비와서비스,338220
코렌텍,건강관리,건강관리장비와서비스,104540
리메드,건강관리,건강관리장비와서비스,302550
이지케어텍,건강관리,건강관리장비와서비스,99750
케어랩스,건강관리,건강관리장비와서비스,263700
피에이치씨,건강관리,건강관리장비와서비스,57880
신테카바이오,건강관리,건강관리장비와서비스,226330
비올,건강관리,건강관리장비와서비스,335890
비트컴퓨터,건강관리,건강관리장비와서비스,32850
한스바이오메드,건강관리,건강관리장비와서비스,42520
멕아이씨에스,건강관리,건강관리장비와서비스,58110
천랩,건강관리,건강관리장비와서비스,311690
젠큐릭스,건강관리,건강관리장비와서비스,229000
인피니트헬스케어,건강관리,건강관리장비와서비스,71200
제놀루션,건강관리,건강관리장비와서비스,225220
덴티스,건강관리,건강관리장비와서비스,261200
셀루메드,건강관리,건강관리장비와서비스,49180
제이브이엠,건강관리,건강관리장비와서비스,54950
제노레이,건강관리,건강관리장비와서비스,122310
마이크로디지탈,건강관리,건강관리장비와서비스,305090
바이오다인,건강관리,건강관리장비와서비스,314930
셀바스AI,건강관리,건강관리장비와서비스,108860
세종메디칼,건강관리,건강관리장비와서비스,258830
디알텍,건강관리,건강관리장비와서비스,214680
세운메디칼,건강관리,건강관리장비와서비스,100700
녹십자엠에스,건강관리,건강관리장비와서비스,142280
휴비츠,건강관리,건강관리장비와서비스,65510
디알젬,건강관리,건강관리장비와서비스,263690
솔본,건강관리,건강관리장비와서비스,35610
솔고바이오,건강관리,건강관리장비와서비스,43100
제이엘케이,건강관리,건강관리장비와서비스,322510
레이언스,건강관리,건강관리장비와서비스,228850
라이프시맨틱스,건강관리,건강관리장비와서비스,347700
진시스템,건강관리,건강관리장비와서비스,363250
원바이오젠,건강관리,건강관리장비와서비스,307280
메타바이오메드,건강관리,건강관리장비와서비스,59210
메디아나,건강관리,건강관리장비와서비스,41920
이루다,건강관리,건강관리장비와서비스,164060
엠아이텍,건강관리,건강관리장비와서비스,179290
이노테라피,건강관리,건강관리장비와서비스,246960
원익,건강관리,건강관리장비와서비스,32940
네오펙트,건강관리,건강관리장비와서비스,290660
하이로닉,건강관리,건강관리장비와서비스,149980
오스테오닉,건강관리,건강관리장비와서비스,226400
피제이전자,건강관리,건강관리장비와서비스,6140
서울리거,건강관리,건강관리장비와서비스,43710
아스타,건강관리,건강관리장비와서비스,246720
유앤아이,건강관리,건강관리장비와서비스,56090
신흥,건강관리,건강관리장비와서비스,4080
셀바스헬스케어,건강관리,건강관리장비와서비스,208370
셀트리온,건강관리,제약과생물공학,68270
삼성바이오로직스,건강관리,제약과생물공학,207940
셀트리온헬스케어,건강관리,제약과생물공학,91990
SK바이오사이언스,건강관리,제약과생물공학,302440
유한양행,건강관리,제약과생물공학,100
알테오젠,건강관리,제약과생물공학,196170
셀트리온제약,건강관리,제약과생물공학,68760
한미약품,건강관리,제약과생물공학,128940
씨젠,건강관리,제약과생물공학,96530
SK바이오팜,건강관리,제약과생물공학,326030
유바이오로직스,건강관리,제약과생물공학,206650
신풍제약,건강관리,제약과생물공학,19170
녹십자,건강관리,제약과생물공학,6280
제넥신,건강관리,제약과생물공학,95700
휴젤,건강관리,제약과생물공학,145020
한미사이언스,건강관리,제약과생물공학,8930
진원생명과학,건강관리,제약과생물공학,11000
에이치엘비생명과학,건강관리,제약과생물공학,67630
바이오니아,건강관리,제약과생물공학,64550
레고켐바이오,건강관리,제약과생물공학,141080
네이처셀,건강관리,제약과생물공학,7390
엔케이맥스,건강관리,제약과생물공학,182400
종근당,건강관리,제약과생물공학,185750
에스티팜,건강관리,제약과생물공학,237690
차바이오텍,건강관리,제약과생물공학,85660
메드팩토,건강관리,제약과생물공학,235980
오스코텍,건강관리,제약과생물공학,39200
에이비엘바이오,건강관리,제약과생물공학,298380
한올바이오파마,건강관리,제약과생물공학,9420
헬릭스미스,건강관리,제약과생물공학,84990
엔지켐생명과학,건강관리,제약과생물공학,183490
부광약품,건강관리,제약과생물공학,3000
압타바이오,건강관리,제약과생물공학,293780
메디톡스,건강관리,제약과생물공학,86900
대웅,건강관리,제약과생물공학,3090
삼천당제약,건강관리,제약과생물공학,250
박셀바이오,건강관리,제약과생물공학,323990
셀리버리,건강관리,제약과생물공학,268600
녹십자홀딩스,건강관리,제약과생물공학,5250
대웅제약,건강관리,제약과생물공학,69620
국전약품,건강관리,제약과생물공학,307750
아미코젠,건강관리,제약과생물공학,92040
셀리드,건강관리,제약과생물공학,299660
인트론바이오,건강관리,제약과생물공학,48530
HK이노엔,건강관리,제약과생물공학,195940
휴마시스,건강관리,제약과생물공학,205470
동국제약,건강관리,제약과생물공학,86450
파마리서치,건강관리,제약과생물공학,214450
지놈앤컴퍼니,건강관리,제약과생물공학,314130
안트로젠,건강관리,제약과생물공학,65660
티앤알바이오팹,건강관리,제약과생물공학,246710
바이넥스,건강관리,제약과생물공학,53030
아이진,건강관리,제약과생물공학,185490
유나이티드제약,건강관리,제약과생물공학,33270
콜마비앤에이치,건강관리,제약과생물공학,200130
영진약품,건강관리,제약과생물공학,3520
크리스탈지노믹스,건강관리,제약과생물공학,83790
보령제약,건강관리,제약과생물공학,3850
CMG제약,건강관리,제약과생물공학,58820
일양약품,건강관리,제약과생물공학,7570
올릭스,건강관리,제약과생물공학,226950
동아쏘시오홀딩스,건강관리,제약과생물공학,640
지트리비앤티,건강관리,제약과생물공학,115450
동아에스티,건강관리,제약과생물공학,170900
녹십자셀,건강관리,제약과생물공학,31390
코미팜,건강관리,제약과생물공학,41960
메디포스트,건강관리,제약과생물공학,78160
이연제약,건강관리,제약과생물공학,102460
삼성제약,건강관리,제약과생물공학,1360
휴온스,건강관리,제약과생물공학,243070
싸이토젠,건강관리,제약과생물공학,217330
피씨엘,건강관리,제약과생물공학,241820
바디텍메드,건강관리,제약과생물공학,206640
JW중외제약,건강관리,제약과생물공학,1060
바이젠셀,건강관리,제약과생물공학,308080
큐라클,건강관리,제약과생물공학,365270
마크로젠,건강관리,제약과생물공학,38290
동화약품,건강관리,제약과생물공학,20
프레스티지바이오로직스,건강관리,제약과생물공학,334970
바이오플러스,건강관리,제약과생물공학,99430
삼진제약,건강관리,제약과생물공학,5500
랩지노믹스,건강관리,제약과생물공학,84650
이수앱지스,건강관리,제약과생물공학,86890
유틸렉스,건강관리,제약과생물공학,263050
카이노스메드,건강관리,제약과생물공학,284620
서흥,건강관리,제약과생물공학,8490
휴온스글로벌,건강관리,제약과생물공학,84110
에이치엘비제약,건강관리,제약과생물공학,47920
광동제약,건강관리,제약과생물공학,9290
고바이오랩,건강관리,제약과생물공학,348150
종근당홀딩스,건강관리,제약과생물공학,1630
에이프로젠제약,건강관리,제약과생물공학,3060
앱클론,건강관리,제약과생물공학,174900
대원제약,건강관리,제약과생물공학,3220
케어젠,건강관리,제약과생물공학,214370
코아스템,건강관리,제약과생물공학,166480
퓨쳐켐,건강관리,제약과생물공학,220100
환인제약,건강관리,제약과생물공학,16580
EDGC,건강관리,제약과생물공학,245620
펩트론,건강관리,제약과생물공학,87010
바이오리더스,건강관리,제약과생물공학,142760
진매트릭스,건강관리,제약과생물공학,109820
에이비온,건강관리,제약과생물공학,203400
에스씨엠생명과학,건강관리,제약과생물공학,298060
제일약품,건강관리,제약과생물공학,271980
경동제약,건강관리,제약과생물공학,11040
한국파마,건강관리,제약과생물공학,32300
한독,건강관리,제약과생물공학,2390
테라젠이텍스,건강관리,제약과생물공학,66700
씨티씨바이오,건강관리,제약과생물공학,60590
차백신연구소,건강관리,제약과생물공학,261780
팜젠사이언스,건강관리,제약과생물공학,4720
동성제약,건강관리,제약과생물공학,2210
아미노로직스,건강관리,제약과생물공학,74430
일동제약,건강관리,제약과생물공학,249420
명문제약,건강관리,제약과생물공학,17180
파멥신,건강관리,제약과생물공학,208340
노바렉스,건강관리,제약과생물공학,194700
바이오솔루션,건강관리,제약과생물공학,86820
종근당바이오,건강관리,제약과생물공학,63160
휴메딕스,건강관리,제약과생물공학,200670
나노엔텍,건강관리,제약과생물공학,39860
동구바이오제약,건강관리,제약과생물공학,6620
하나제약,건강관리,제약과생물공학,293480
엔젠바이오,건강관리,제약과생물공학,354200
제노포커스,건강관리,제약과생물공학,187420
대화제약,건강관리,제약과생물공학,67080
퀀타매트릭스,건강관리,제약과생물공학,317690
서린바이오,건강관리,제약과생물공학,38070
브릿지바이오테라퓨틱스,건강관리,제약과생물공학,288330
뉴트리,건강관리,제약과생물공학,270870
대한약품,건강관리,제약과생물공학,23910
일신바이오,건강관리,제약과생물공학,68330
현대약품,건강관리,제약과생물공학,4310
강스템바이오텍,건강관리,제약과생물공학,217730
JW신약,건강관리,제약과생물공학,67290
테고사이언스,건강관리,제약과생물공학,191420
화일약품,건강관리,제약과생물공학,61250
압타머사이언스,건강관리,제약과생물공학,291650
파나진,건강관리,제약과생물공학,46210
티움바이오,건강관리,제약과생물공학,321550
넥스트BT,건강관리,제약과생물공학,65170
클리노믹스,건강관리,제약과생물공학,352770
코스맥스엔비티,건강관리,제약과생물공학,222040
녹십자웰빙,건강관리,제약과생물공학,234690
바이오톡스텍,건강관리,제약과생물공학,86040
중앙백신,건강관리,제약과생물공학,72020
프롬바이오,건강관리,제약과생물공학,377220
쎌바이오텍,건강관리,제약과생물공학,49960
조아제약,건강관리,제약과생물공학,34940
대한뉴팜,건강관리,제약과생물공학,54670
에스텍파마,건강관리,제약과생물공학,41910
프로스테믹스,건강관리,제약과생물공학,203690
노터스,건강관리,제약과생물공학,278650
경보제약,건강관리,제약과생물공학,214390
프리시젼바이오,건강관리,제약과생물공학,335810
켐온,건강관리,제약과생물공학,217600
비씨월드제약,건강관리,제약과생물공학,200780
농우바이오,건강관리,제약과생물공학,54050
셀레믹스,건강관리,제약과생물공학,331920
옵티팜,건강관리,제약과생물공학,153710
애니젠,건강관리,제약과생물공학,196300
경남제약,건강관리,제약과생물공학,53950
신일제약,건강관리,제약과생물공학,12790
한주케미칼앤홀딩스,건강관리,제약과생물공학,43090
유유제약,건강관리,제약과생물공학,220
더블유에스아이,건강관리,제약과생물공학,299170
바이온,건강관리,제약과생물공학,32980
디에이치피코리아,건강관리,제약과생물공학,131030
에이치엘사이언스,건강관리,제약과생물공학,239610
국제약품,건강관리,제약과생물공학,2720
제일바이오,건강관리,제약과생물공학,52670
제일파마홀딩스,건강관리,제약과생물공학,2620
알리코제약,건강관리,제약과생물공학,260660
코스맥스비티아이,건강관리,제약과생물공학,44820
위더스제약,건강관리,제약과생물공학,330350
팬젠,건강관리,제약과생물공학,222110
이글벳,건강관리,제약과생물공학,44960
일동홀딩스,건강관리,제약과생물공학,230
삼일제약,건강관리,제약과생물공학,520
하이텍팜,건강관리,제약과생물공학,106190
한국유니온제약,건강관리,제약과생물공학,80720
지더블유바이텍,건강관리,제약과생물공학,36180
에이프로젠 H&G,건강관리,제약과생물공학,109960
KPX생명과학,건강관리,제약과생물공학,114450
일성신약,건강관리,제약과생물공학,3120
진양제약,건강관리,제약과생물공학,7370
지엘팜텍,건강관리,제약과생물공학,204840
피엔케이피부임상연구센타,건강관리,제약과생물공학,347740
신신제약,건강관리,제약과생물공학,2800
디엔에이링크,건강관리,제약과생물공학,127120
안국약품,건강관리,제약과생물공학,1540
우진비앤지,건강관리,제약과생물공학,18620
비피도,건강관리,제약과생물공학,238200
고려제약,건강관리,제약과생물공학,14570
아시아종묘,건강관리,제약과생물공학,154030
모비스,건강관리,제약과생물공학,250060
대봉엘에스,건강관리,제약과생물공학,78140
대한과학,건강관리,제약과생물공학,131220
우정바이오,건강관리,제약과생물공학,215380
얼라인드,건강관리,제약과생물공학,238120
대성미생물,건강관리,제약과생물공학,36480
에이디엠코리아,건강관리,제약과생물공학,187660
삼아제약,건강관리,제약과생물공학,9300
진바이오텍,건강관리,제약과생물공학,86060
휴럼,건강관리,제약과생물공학,353190
서울제약,건강관리,제약과생물공학,18680
팜스빌,건강관리,제약과생물공학,318010
드림씨아이에스,건강관리,제약과생물공학,223250
KB금융,금융,은행,105560
신한지주,금융,은행,55550
하나금융지주,금융,은행,86790
카카오뱅크,금융,은행,323410
우리금융지주,금융,은행,316140
기업은행,금융,은행,24110
BNK금융지주,금융,은행,138930
DGB금융지주,금융,은행,139130
JB금융지주,금융,은행,175330
상상인,금융,은행,38540
제주은행,금융,은행,6220
한국금융지주,금융,증권,71050
미래에셋증권,금융,증권,6800
삼성증권,금융,증권,16360
NH투자증권,금융,증권,5940
메리츠증권,금융,증권,8560
키움증권,금융,증권,39490
한화투자증권,금융,증권,3530
대신증권,금융,증권,3540
유안타증권,금융,증권,3470
SK증권,금융,증권,1510
KTB투자증권,금융,증권,30210
유진투자증권,금융,증권,1200
신영증권,금융,증권,1720
현대차증권,금융,증권,1500
DB금융투자,금융,증권,16610
다우데이타,금융,증권,32190
교보증권,금융,증권,30610
한양증권,금융,증권,1750
이베스트투자증권,금융,증권,78020
부국증권,금융,증권,1270
유화증권,금융,증권,3460
상상인증권,금융,증권,1290
코리아에셋투자증권,금융,증권,190650
삼성카드,금융,다각화된금융,29780
우리기술투자,금융,다각화된금융,41190
우리종금,금융,다각화된금융,10050
아주IB투자,금융,다각화된금융,27360
에이티넘인베스트,금융,다각화된금융,21080
SBI인베스트먼트,금융,다각화된금융,19550
리드코프,금융,다각화된금융,12700
대덕,금융,다각화된금융,8060
SV인베스트먼트,금융,다각화된금융,289080
미래에셋벤처투자,금융,다각화된금융,100790
DSC인베스트먼트,금융,다각화된금융,241520
엔에이치스팩19호,금융,다각화된금융,380440
글로벌텍스프리,금융,다각화된금융,204620
엠벤처투자,금융,다각화된금융,19590
대성창투,금융,다각화된금융,27830
ES큐브,금융,다각화된금융,50120
메이슨캐피탈,금융,다각화된금융,21880
한국캐피탈,금융,다각화된금융,23760
TS인베스트먼트,금융,다각화된금융,246690
리더스 기술투자,금융,다각화된금융,19570
큐캐피탈,금융,다각화된금융,16600
엔에이치스팩20호,금융,다각화된금융,391060
CNH,금융,다각화된금융,23460
푸른저축은행,금융,다각화된금융,7330
컴퍼니케이,금융,다각화된금융,307930
나우IB,금융,다각화된금융,293580
린드먼아시아,금융,다각화된금융,277070
IBKS제14호스팩,금융,다각화된금융,351320
삼성스팩4호,금융,다각화된금융,377630
하나금융17호스팩,금융,다각화된금융,363260
삼성머스트스팩5호,금융,다각화된금융,380320
케이비제18호스팩,금융,다각화된금융,323940
엔에이치스팩17호,금융,다각화된금융,359090
상상인이안1호스팩,금융,다각화된금융,307870
유안타제5호스팩,금융,다각화된금융,336060
대신밸런스제8호스팩,금융,다각화된금융,336570
엔에이치스팩21호,금융,다각화된금융,391710
신한제8호스팩,금융,다각화된금융,393360
미래에셋대우스팩3호,금융,다각화된금융,328380
DB금융스팩8호,금융,다각화된금융,367340
케이비제20호스팩,금융,다각화된금융,342550
유안타제8호스팩,금융,다각화된금융,367480
대신밸런스제7호스팩,금융,다각화된금융,332290
유안타제7호스팩,금융,다각화된금융,367460
한국9호스팩,금융,다각화된금융,368770
엔에이치스팩18호,금융,다각화된금융,365590
하나금융19호스팩,금융,다각화된금융,388220
한화플러스제1호스팩,금융,다각화된금융,340440
한화플러스제2호스팩,금융,다각화된금융,386580
대신밸런스제10호스팩,금융,다각화된금융,387310
에이치엠씨제5호스팩,금융,다각화된금융,353060
SK6호스팩,금융,다각화된금융,340350
DB금융스팩9호,금융,다각화된금융,367360
IBKS제13호스팩,금융,다각화된금융,351340
신한제7호스팩,금융,다각화된금융,366330
하나금융15호스팩,금융,다각화된금융,341160
하나머스트7호스팩,금융,다각화된금융,372290
하이제6호스팩,금융,다각화된금융,377400
하이제5호스팩,금융,다각화된금융,340120
한국제8호스팩,금융,다각화된금융,310870
하나금융14호스팩,금융,다각화된금융,332710
SK5호스팩,금융,다각화된금융,337450
신영스팩6호,금융,다각화된금융,344050
IBKS제15호스팩,금융,다각화된금융,373200
신한제6호스팩,금융,다각화된금융,333050
미래에셋대우스팩 5호,금융,다각화된금융,353490
케이비제19호스팩,금융,다각화된금융,330990
교보10호스팩,금융,다각화된금융,355150
에이치엠씨제4호스팩,금융,다각화된금융,353070
유진스팩7호,금융,다각화된금융,388800
하나금융16호스팩,금융,다각화된금융,343510
교보9호스팩,금융,다각화된금융,331520
IBKS제16호스팩,금융,다각화된금융,388790
신영스팩5호,금융,다각화된금융,323280
상상인이안제2호스팩,금융,다각화된금융,329560
IBKS제12호스팩,금융,다각화된금융,335870
유진스팩6호,금융,다각화된금융,373340
이베스트스팩5호,금융,다각화된금융,349720
이베스트이안스팩1호,금융,다각화된금융,323210
케이프이에스제4호,금융,다각화된금융,347140
삼성화재,금융,보험,810
삼성생명,금융,보험,32830
DB손해보험,금융,보험,5830
현대해상,금융,보험,1450
메리츠화재,금융,보험,60
메리츠금융지주,금융,보험,138040
한화,금융,보험,880
한화생명,금융,보험,88350
코리안리,금융,보험,3690
한화손해보험,금융,보험,370
동양생명,금융,보험,82640
미래에셋생명,금융,보험,85620
에이플러스에셋,금융,보험,244920
롯데손해보험,금융,보험,400
흥국화재,금융,보험,540
ESR켄달스퀘어리츠,금융,부동산,365550
롯데리츠,금융,부동산,330590
SK리츠,금융,부동산,395400
제이알글로벌리츠,금융,부동산,348950
한국토지신탁,금융,부동산,34830
신한알파리츠,금융,부동산,293940
SK디앤디,금융,부동산,210980
한국자산신탁,금융,부동산,123890
디앤디플랫폼리츠,금융,부동산,377190
코람코에너지리츠,금융,부동산,357120
이지스밸류리츠,금융,부동산,334890
이리츠코크렙,금융,부동산,88260
이지스레지던스리츠,금융,부동산,350520
미래에셋맵스리츠,금융,부동산,357250
NH프라임리츠,금융,부동산,338100
한창,금융,부동산,5110
케이탑리츠,금융,부동산,145270
에이리츠,금융,부동산,140910
모두투어리츠,금융,부동산,204210
카카오페이,IT,소프트웨어와서비스,377300
삼성에스디에스,IT,소프트웨어와서비스,18260
더존비즈온,IT,소프트웨어와서비스,12510
NHN한국사이버결제,IT,소프트웨어와서비스,60250
현대오토에버,IT,소프트웨어와서비스,307950
다우기술,IT,소프트웨어와서비스,23590
카페24,IT,소프트웨어와서비스,42000
안랩,IT,소프트웨어와서비스,53800
다날,IT,소프트웨어와서비스,64260
대아티아이,IT,소프트웨어와서비스,45390
맥스트,IT,소프트웨어와서비스,377030
포스코 ICT,IT,소프트웨어와서비스,22100
한글과컴퓨터,IT,소프트웨어와서비스,30520
쿠콘,IT,소프트웨어와서비스,294570
KG이니시스,IT,소프트웨어와서비스,35600
알체라,IT,소프트웨어와서비스,347860
웹케시,IT,소프트웨어와서비스,53580
원티드랩,IT,소프트웨어와서비스,376980
알서포트,IT,소프트웨어와서비스,131370
신세계 I&C,IT,소프트웨어와서비스,35510
롯데정보통신,IT,소프트웨어와서비스,286940
갤럭시아머니트리,IT,소프트웨어와서비스,94480
KG모빌리언스,IT,소프트웨어와서비스,46440
한국정보인증,IT,소프트웨어와서비스,53300
민앤지,IT,소프트웨어와서비스,214180
세틀뱅크,IT,소프트웨어와서비스,234340
큐로컴,IT,소프트웨어와서비스,40350
버킷스튜디오,IT,소프트웨어와서비스,66410
드림시큐리티,IT,소프트웨어와서비스,203650
케이아이엔엑스,IT,소프트웨어와서비스,93320
키네마스터,IT,소프트웨어와서비스,139670
라온시큐어,IT,소프트웨어와서비스,42510
씨이랩,IT,소프트웨어와서비스,189330
한컴위드,IT,소프트웨어와서비스,54920
가비아,IT,소프트웨어와서비스,79940
한국전자인증,IT,소프트웨어와서비스,41460
우리들휴브레인,IT,소프트웨어와서비스,118000
오비고,IT,소프트웨어와서비스,352910
이스트소프트,IT,소프트웨어와서비스,47560
한컴MDS,IT,소프트웨어와서비스,86960
케이사인,IT,소프트웨어와서비스,192250
이노뎁,IT,소프트웨어와서비스,303530
바이브컴퍼니,IT,소프트웨어와서비스,301300
DB,IT,소프트웨어와서비스,12030
솔트룩스,IT,소프트웨어와서비스,304100
오상자이엘,IT,소프트웨어와서비스,53980
폴라리스오피스,IT,소프트웨어와서비스,41020
핑거,IT,소프트웨어와서비스,163730
한국전자금융,IT,소프트웨어와서비스,63570
윈스,IT,소프트웨어와서비스,136540
엠로,IT,소프트웨어와서비스,58970
에스트래픽,IT,소프트웨어와서비스,234300
엑셈,IT,소프트웨어와서비스,205100
와이더플래닛,IT,소프트웨어와서비스,321820
네오리진,IT,소프트웨어와서비스,94860
모비릭스,IT,소프트웨어와서비스,348030
콤텍시스템,IT,소프트웨어와서비스,31820
딥노이드,IT,소프트웨어와서비스,315640
비즈니스온,IT,소프트웨어와서비스,138580
엔텔스,IT,소프트웨어와서비스,69410
플래티어,IT,소프트웨어와서비스,367000
오픈베이스,IT,소프트웨어와서비스,49480
아톤,IT,소프트웨어와서비스,158430
아이티센,IT,소프트웨어와서비스,124500
케이엘넷,IT,소프트웨어와서비스,39420
디지캡,IT,소프트웨어와서비스,197140
파수,IT,소프트웨어와서비스,150900
플랜티넷,IT,소프트웨어와서비스,75130
나무기술,IT,소프트웨어와서비스,242040
투비소프트,IT,소프트웨어와서비스,79970
정원엔시스,IT,소프트웨어와서비스,45510
수산아이앤티,IT,소프트웨어와서비스,50960
소프트센,IT,소프트웨어와서비스,32680
에프앤가이드,IT,소프트웨어와서비스,64850
브레인즈컴퍼니,IT,소프트웨어와서비스,99390
누리플렉스,IT,소프트웨어와서비스,40160
이글루시큐리티,IT,소프트웨어와서비스,67920
아이퀘스트,IT,소프트웨어와서비스,262840
미래아이앤지,IT,소프트웨어와서비스,7120
링크제니시스,IT,소프트웨어와서비스,219420
미디어젠,IT,소프트웨어와서비스,279600
링네트,IT,소프트웨어와서비스,42500
인포뱅크,IT,소프트웨어와서비스,39290
위세아이텍,IT,소프트웨어와서비스,65370
이씨에스,IT,소프트웨어와서비스,67010
이니텍,IT,소프트웨어와서비스,53350
시티랩스,IT,소프트웨어와서비스,139050
유엔젤,IT,소프트웨어와서비스,72130
이루온,IT,소프트웨어와서비스,65440
영림원소프트랩,IT,소프트웨어와서비스,60850
한네트,IT,소프트웨어와서비스,52600
서호전기,IT,소프트웨어와서비스,65710
알티캐스트,IT,소프트웨어와서비스,85810
핸디소프트,IT,소프트웨어와서비스,220180
아시아나IDT,IT,소프트웨어와서비스,267850
인포바인,IT,소프트웨어와서비스,115310
SGA,IT,소프트웨어와서비스,49470
리노스,IT,소프트웨어와서비스,39980
한일네트웍스,IT,소프트웨어와서비스,46110
대신정보통신,IT,소프트웨어와서비스,20180
SGA솔루션즈,IT,소프트웨어와서비스,184230
소프트캠프,IT,소프트웨어와서비스,258790
브리지텍,IT,소프트웨어와서비스,64480
이삭엔지니어링,IT,소프트웨어와서비스,351330
시큐브,IT,소프트웨어와서비스,131090
쌍용정보통신,IT,소프트웨어와서비스,10280
지니언스,IT,소프트웨어와서비스,263860
텔코웨어,IT,소프트웨어와서비스,78000
모바일리더,IT,소프트웨어와서비스,100030
휴네시온,IT,소프트웨어와서비스,290270
포시에스,IT,소프트웨어와서비스,189690
데이타솔루션,IT,소프트웨어와서비스,263800
티라유텍,IT,소프트웨어와서비스,322180
지란지교시큐리티,IT,소프트웨어와서비스,208350
케이씨에스,IT,소프트웨어와서비스,115500
로지시스,IT,소프트웨어와서비스,67730
엠브레인,IT,소프트웨어와서비스,169330
싸이버원,IT,소프트웨어와서비스,356890
한솔인티큐브,IT,소프트웨어와서비스,70590
오파스넷,IT,소프트웨어와서비스,173130
에스에스알,IT,소프트웨어와서비스,275630
네이블,IT,소프트웨어와서비스,153460
삼성전기,IT,기술하드웨어와장비,9150
LG이노텍,IT,기술하드웨어와장비,11070
일진머티리얼즈,IT,기술하드웨어와장비,20150
대주전자재료,IT,기술하드웨어와장비,78600
고영,IT,기술하드웨어와장비,98460
솔루엠,IT,기술하드웨어와장비,248070
케이엠더블유,IT,기술하드웨어와장비,32500
다원시스,IT,기술하드웨어와장비,68240
솔루스첨단소재,IT,기술하드웨어와장비,336370
상아프론테크,IT,기술하드웨어와장비,89980
심텍,IT,기술하드웨어와장비,222800
대덕전자,IT,기술하드웨어와장비,353200
엠씨넥스,IT,기술하드웨어와장비,97520
파크시스템스,IT,기술하드웨어와장비,140860
이녹스첨단소재,IT,기술하드웨어와장비,272290
RFHIC,IT,기술하드웨어와장비,218410
에이스테크,IT,기술하드웨어와장비,88800
비에이치,IT,기술하드웨어와장비,90460
서진시스템,IT,기술하드웨어와장비,178320
파트론,IT,기술하드웨어와장비,91700
KH바텍,IT,기술하드웨어와장비,60720
뉴지랩파마,IT,기술하드웨어와장비,214870
인텔리안테크,IT,기술하드웨어와장비,189300
아이티엠반도체,IT,기술하드웨어와장비,84850
쏠리드,IT,기술하드웨어와장비,50890
코나아이,IT,기술하드웨어와장비,52400
이엠텍,IT,기술하드웨어와장비,91120
파인테크닉스,IT,기술하드웨어와장비,106240
에스맥,IT,기술하드웨어와장비,97780
에스티큐브,IT,기술하드웨어와장비,52020
텔콘RF제약,IT,기술하드웨어와장비,200230
우리기술,IT,기술하드웨어와장비,32820
에스에이엠티,IT,기술하드웨어와장비,31330
오이솔루션,IT,기술하드웨어와장비,138080
인탑스,IT,기술하드웨어와장비,49070
나노스,IT,기술하드웨어와장비,151910
드림텍,IT,기술하드웨어와장비,192650
아모텍,IT,기술하드웨어와장비,52710
다산네트웍스,IT,기술하드웨어와장비,39560
시노펙스,IT,기술하드웨어와장비,25320
자화전자,IT,기술하드웨어와장비,33240
영풍,IT,기술하드웨어와장비,670
와이솔,IT,기술하드웨어와장비,122990
하이비젼시스템,IT,기술하드웨어와장비,126700
이트론,IT,기술하드웨어와장비,96040
이노와이어리스,IT,기술하드웨어와장비,73490
에치에프알,IT,기술하드웨어와장비,230240
하나기술,IT,기술하드웨어와장비,299030
이랜텍,IT,기술하드웨어와장비,54210
세경하이테크,IT,기술하드웨어와장비,148150
와이팜,IT,기술하드웨어와장비,332570
코리아써키트,IT,기술하드웨어와장비,7810
이수페타시스,IT,기술하드웨어와장비,7660
신도리코,IT,기술하드웨어와장비,29530
상신이디피,IT,기술하드웨어와장비,91580
인터플렉스,IT,기술하드웨어와장비,51370
옵트론텍,IT,기술하드웨어와장비,82210
슈피겐코리아,IT,기술하드웨어와장비,192440
코아시아,IT,기술하드웨어와장비,45970
포인트모바일,IT,기술하드웨어와장비,318020
앤디포스,IT,기술하드웨어와장비,238090
우주일렉트로,IT,기술하드웨어와장비,65680
에이텍,IT,기술하드웨어와장비,45660
알에프텍,IT,기술하드웨어와장비,61040
아이디스,IT,기술하드웨어와장비,143160
잉크테크,IT,기술하드웨어와장비,49550
얍엑스,IT,기술하드웨어와장비,60230
유비쿼스,IT,기술하드웨어와장비,264450
에이프로,IT,기술하드웨어와장비,262260
바이오로그디바이스,IT,기술하드웨어와장비,208710
써니전자,IT,기술하드웨어와장비,4770
유비쿼스홀딩스,IT,기술하드웨어와장비,78070
유티아이,IT,기술하드웨어와장비,179900
슈프리마,IT,기술하드웨어와장비,236200
센코,IT,기술하드웨어와장비,347000
제이앤티씨,IT,기술하드웨어와장비,204270
캠시스,IT,기술하드웨어와장비,50110
와이제이엠게임즈,IT,기술하드웨어와장비,193250
인성정보,IT,기술하드웨어와장비,33230
메디프론,IT,기술하드웨어와장비,65650
삼지전자,IT,기술하드웨어와장비,37460
노바텍,IT,기술하드웨어와장비,285490
라온피플,IT,기술하드웨어와장비,300120
디스플레이텍,IT,기술하드웨어와장비,66670
아모그린텍,IT,기술하드웨어와장비,125210
세코닉스,IT,기술하드웨어와장비,53450
엔시스,IT,기술하드웨어와장비,333620
블루콤,IT,기술하드웨어와장비,33560
율호,IT,기술하드웨어와장비,72770
에이루트,IT,기술하드웨어와장비,96690
디케이티,IT,기술하드웨어와장비,290550
알엔투테크놀로지,IT,기술하드웨어와장비,148250
에스코넥,IT,기술하드웨어와장비,96630
코아시아옵틱스,IT,기술하드웨어와장비,196450
에이텍티앤,IT,기술하드웨어와장비,224110
매커스,IT,기술하드웨어와장비,93520
나무가,IT,기술하드웨어와장비,190510
AP위성,IT,기술하드웨어와장비,211270
재영솔루텍,IT,기술하드웨어와장비,49630
동운아나텍,IT,기술하드웨어와장비,94170
라이트론,IT,기술하드웨어와장비,69540
피씨디렉트,IT,기술하드웨어와장비,51380
바이오스마트,IT,기술하드웨어와장비,38460
아모센스,IT,기술하드웨어와장비,357580
뉴프렉스,IT,기술하드웨어와장비,85670
옴니시스템,IT,기술하드웨어와장비,57540
유일에너테크,IT,기술하드웨어와장비,340930
이즈미디어,IT,기술하드웨어와장비,181340
에스넷,IT,기술하드웨어와장비,38680
앱코,IT,기술하드웨어와장비,129890
아이디스홀딩스,IT,기술하드웨어와장비,54800
유비벨록스,IT,기술하드웨어와장비,89850
아이씨케이,IT,기술하드웨어와장비,68940
푸른기술,IT,기술하드웨어와장비,94940
브이원텍,IT,기술하드웨어와장비,251630
이브이첨단소재,IT,기술하드웨어와장비,131400
제이씨현시스템,IT,기술하드웨어와장비,33320
릭스솔루션,IT,기술하드웨어와장비,29480
에이치시티,IT,기술하드웨어와장비,72990
광전자,IT,기술하드웨어와장비,17900
카스,IT,기술하드웨어와장비,16920
인콘,IT,기술하드웨어와장비,83640
옵티시스,IT,기술하드웨어와장비,109080
엔에스엔,IT,기술하드웨어와장비,31860
모다이노칩,IT,기술하드웨어와장비,80420
엠투아이,IT,기술하드웨어와장비,347890
파이오링크,IT,기술하드웨어와장비,170790
장원테크,IT,기술하드웨어와장비,174880
이노인스트루먼트,IT,기술하드웨어와장비,215790
아이즈비전,IT,기술하드웨어와장비,31310
덕우전자,IT,기술하드웨어와장비,263600
서원인텍,IT,기술하드웨어와장비,93920
남성,IT,기술하드웨어와장비,4270
아이엠,IT,기술하드웨어와장비,101390
빅솔론,IT,기술하드웨어와장비,93190
해성옵틱스,IT,기술하드웨어와장비,76610
코위버,IT,기술하드웨어와장비,56360
라닉스,IT,기술하드웨어와장비,317120
심텍홀딩스,IT,기술하드웨어와장비,36710
머큐리,IT,기술하드웨어와장비,100590
CS,IT,기술하드웨어와장비,65770
아이앤씨,IT,기술하드웨어와장비,52860
현우산업,IT,기술하드웨어와장비,92300
액트로,IT,기술하드웨어와장비,290740
백금T&A,IT,기술하드웨어와장비,46310
다보링크,IT,기술하드웨어와장비,340360
EMW,IT,기술하드웨어와장비,79190
주연테크,IT,기술하드웨어와장비,44380
한일진공,IT,기술하드웨어와장비,123840
아이크래프트,IT,기술하드웨어와장비,52460
THQ,IT,기술하드웨어와장비,192410
디티앤씨,IT,기술하드웨어와장비,187220
위드텍,IT,기술하드웨어와장비,348350
우리넷,IT,기술하드웨어와장비,115440
현대에이치티,IT,기술하드웨어와장비,39010
코맥스,IT,기술하드웨어와장비,36690
엘컴텍,IT,기술하드웨어와장비,37950
슈프리마에이치큐,IT,기술하드웨어와장비,94840
에스에이티,IT,기술하드웨어와장비,60540
케이씨티,IT,기술하드웨어와장비,89150
유니온커뮤니티,IT,기술하드웨어와장비,203450
코콤,IT,기술하드웨어와장비,15710
RF머트리얼즈,IT,기술하드웨어와장비,327260
씨유테크,IT,기술하드웨어와장비,376290
멜파스,IT,기술하드웨어와장비,96640
에이엔피,IT,기술하드웨어와장비,15260
딜리,IT,기술하드웨어와장비,131180
S&K폴리텍,IT,기술하드웨어와장비,91340
삼양옵틱스,IT,기술하드웨어와장비,225190
상신전자,IT,기술하드웨어와장비,263810
포커스에이치엔에스,IT,기술하드웨어와장비,331380
삼영에스앤씨,IT,기술하드웨어와장비,361670
에이치앤비디자인,IT,기술하드웨어와장비,227100
알에프세미,IT,기술하드웨어와장비,96610
에스텍,IT,기술하드웨어와장비,69510
디에이피,IT,기술하드웨어와장비,66900
윈텍,IT,기술하드웨어와장비,320000
유아이엘,IT,기술하드웨어와장비,49520
엔피디,IT,기술하드웨어와장비,198080
빛샘전자,IT,기술하드웨어와장비,72950
삼화전자,IT,기술하드웨어와장비,11230
기산텔레콤,IT,기술하드웨어와장비,35460
에프알텍,IT,기술하드웨어와장비,73540
피피아이,IT,기술하드웨어와장비,62970
성우전자,IT,기술하드웨어와장비,81580
한국정보공학,IT,기술하드웨어와장비,39740
텔레필드,IT,기술하드웨어와장비,91440
파커스,IT,기술하드웨어와장비,65690
씨아이테크,IT,기술하드웨어와장비,4920
슈프리마아이디,IT,기술하드웨어와장비,317770
아이디피,IT,기술하드웨어와장비,332370
이랜시스,IT,기술하드웨어와장비,264850
대동전자,IT,기술하드웨어와장비,8110
육일씨엔에쓰,IT,기술하드웨어와장비,191410
엑스큐어,IT,기술하드웨어와장비,70300
인터엠,IT,기술하드웨어와장비,17250
디지아이,IT,기술하드웨어와장비,43360
모아텍,IT,기술하드웨어와장비,33200
동일기연,IT,기술하드웨어와장비,32960
삼성전자,IT,반도체와반도체장비,5930
SK하이닉스,IT,반도체와반도체장비,660
DB하이텍,IT,반도체와반도체장비,990
리노공업,IT,반도체와반도체장비,58470
원익IPS,IT,반도체와반도체장비,240810
동진쎄미켐,IT,반도체와반도체장비,5290
솔브레인,IT,반도체와반도체장비,357780
이오테크닉스,IT,반도체와반도체장비,39030
하나마이크론,IT,반도체와반도체장비,67310
한미반도체,IT,반도체와반도체장비,42700
유진테크,IT,반도체와반도체장비,84370
네패스,IT,반도체와반도체장비,33640
젬백스,IT,반도체와반도체장비,82270
티씨케이,IT,반도체와반도체장비,64760
에스앤에스텍,IT,반도체와반도체장비,101490
하나머티리얼즈,IT,반도체와반도체장비,166090
SFA반도체,IT,반도체와반도체장비,36540
코미코,IT,반도체와반도체장비,183300
테스나,IT,반도체와반도체장비,131970
유니테스트,IT,반도체와반도체장비,86390
솔브레인홀딩스,IT,반도체와반도체장비,36830
해성디에스,IT,반도체와반도체장비,195870
주성엔지니어링,IT,반도체와반도체장비,36930
원익QnC,IT,반도체와반도체장비,74600
피에스케이,IT,반도체와반도체장비,319660
테스,IT,반도체와반도체장비,95610
미코,IT,반도체와반도체장비,59090
에프에스티,IT,반도체와반도체장비,36810
엘비세미콘,IT,반도체와반도체장비,61970
신성이엔지,IT,반도체와반도체장비,11930
넥스틴,IT,반도체와반도체장비,348210
오킨스전자,IT,반도체와반도체장비,80580
테크윙,IT,반도체와반도체장비,89030
엠케이전자,IT,반도체와반도체장비,33160
KEC,IT,반도체와반도체장비,92220
유니셈,IT,반도체와반도체장비,36200
ISC,IT,반도체와반도체장비,95340
월덱스,IT,반도체와반도체장비,101160
인텍플러스,IT,반도체와반도체장비,64290
에이피티씨,IT,반도체와반도체장비,89970
에이디테크놀로지,IT,반도체와반도체장비,200710
케이씨텍,IT,반도체와반도체장비,281820
티에스이,IT,반도체와반도체장비,131290
원익홀딩스,IT,반도체와반도체장비,30530
에스티아이,IT,반도체와반도체장비,39440
GST,IT,반도체와반도체장비,83450
디엔에프,IT,반도체와반도체장비,92070
피에스케이홀딩스,IT,반도체와반도체장비,31980
뉴파워프라즈마,IT,반도체와반도체장비,144960
예스티,IT,반도체와반도체장비,122640
케이씨,IT,반도체와반도체장비,29460
엘오티베큠,IT,반도체와반도체장비,83310
프로텍,IT,반도체와반도체장비,53610
디아이,IT,반도체와반도체장비,3160
어보브반도체,IT,반도체와반도체장비,102120
유니퀘스트,IT,반도체와반도체장비,77500
아이텍,IT,반도체와반도체장비,119830
텔레칩스,IT,반도체와반도체장비,54450
제주반도체,IT,반도체와반도체장비,80220
네패스아크,IT,반도체와반도체장비,330860
아이원스,IT,반도체와반도체장비,114810
엔투텍,IT,반도체와반도체장비,227950
제우스,IT,반도체와반도체장비,79370
와이아이케이,IT,반도체와반도체장비,232140
오션브릿지,IT,반도체와반도체장비,241790
시스웍,IT,반도체와반도체장비,269620
기가레인,IT,반도체와반도체장비,49080
코세스,IT,반도체와반도체장비,89890
덕산하이메탈,IT,반도체와반도체장비,77360
싸이맥스,IT,반도체와반도체장비,160980
칩스앤미디어,IT,반도체와반도체장비,94360
큐에스아이,IT,반도체와반도체장비,66310
오로스테크놀로지,IT,반도체와반도체장비,322310
엑시콘,IT,반도체와반도체장비,92870
윈팩,IT,반도체와반도체장비,97800
라온테크,IT,반도체와반도체장비,232680
시그네틱스,IT,반도체와반도체장비,33170
에이팩트,IT,반도체와반도체장비,200470
샘씨엔에스,IT,반도체와반도체장비,252990
지앤비에스엔지니어링,IT,반도체와반도체장비,382800
씨앤지하이테크,IT,반도체와반도체장비,264660
나인테크,IT,반도체와반도체장비,267320
WI,IT,반도체와반도체장비,73570
지니틱스,IT,반도체와반도체장비,303030
알파홀딩스,IT,반도체와반도체장비,117670
폴라리스웍스,IT,반도체와반도체장비,123010
제이티,IT,반도체와반도체장비,89790
마이크로프랜드,IT,반도체와반도체장비,147760
엘비루셈,IT,반도체와반도체장비,376190
서플러스글로벌,IT,반도체와반도체장비,140070
코디엠,IT,반도체와반도체장비,224060
미래산업,IT,반도체와반도체장비,25560
KMH하이텍,IT,반도체와반도체장비,52900
한양디지텍,IT,반도체와반도체장비,78350
오디텍,IT,반도체와반도체장비,80520
아진엑스텍,IT,반도체와반도체장비,59120
휘닉스소재,IT,반도체와반도체장비,50090
성도이엔지,IT,반도체와반도체장비,37350
마이크로컨텍솔,IT,반도체와반도체장비,98120
다믈멀티미디어,IT,반도체와반도체장비,93640
유니트론텍,IT,반도체와반도체장비,142210
러셀,IT,반도체와반도체장비,217500
제너셈,IT,반도체와반도체장비,217190
티엘비,IT,반도체와반도체장비,356860
메카로,IT,반도체와반도체장비,241770
앤씨앤,IT,반도체와반도체장비,92600
램테크놀러지,IT,반도체와반도체장비,171010
타이거일렉,IT,반도체와반도체장비,219130
한국전자홀딩스,IT,반도체와반도체장비,6200
엑사이엔씨,IT,반도체와반도체장비,54940
네온테크,IT,반도체와반도체장비,306620
에이티세미콘,IT,반도체와반도체장비,89530
피에스엠씨,IT,반도체와반도체장비,24850
네오셈,IT,반도체와반도체장비,253590
피델릭스,IT,반도체와반도체장비,32580
픽셀플러스,IT,반도체와반도체장비,87600
성우테크론,IT,반도체와반도체장비,45300
삼성SDI,IT,전자와전기제품,6400
LG전자,IT,전자와전기제품,66570
에코프로비엠,IT,전자와전기제품,247540
엘앤에프,IT,전자와전기제품,66970
SK아이이테크놀로지,IT,전자와전기제품,361610
두산퓨얼셀,IT,전자와전기제품,336260
씨아이에스,IT,전자와전기제품,222080
피엔티,IT,전자와전기제품,137400
엔켐,IT,전자와전기제품,348370
디피씨,IT,전자와전기제품,26890
삼화콘덴서,IT,전자와전기제품,1820
원익피앤이,IT,전자와전기제품,131390
KH 필룩스,IT,전자와전기제품,33180
원준,IT,전자와전기제품,382840
비츠로셀,IT,전자와전기제품,82920
가온미디어,IT,전자와전기제품,78890
디에이테크놀로지,IT,전자와전기제품,196490
파워로직스,IT,전자와전기제품,47310
신흥에스이씨,IT,전자와전기제품,243840
삼화전기,IT,전자와전기제품,9470
휴맥스,IT,전자와전기제품,115160
에스피지,IT,전자와전기제품,58610
에스퓨얼셀,IT,전자와전기제품,288620
아남전자,IT,전자와전기제품,8700
팅크웨어,IT,전자와전기제품,84730
삼영전자,IT,전자와전기제품,5680
엠플러스,IT,전자와전기제품,259630
모바일어플라이언스,IT,전자와전기제품,87260
아비코전자,IT,전자와전기제품,36010
동양이엔피,IT,전자와전기제품,79960
홈캐스트,IT,전자와전기제품,64240
와이엠텍,IT,전자와전기제품,273640
지아이텍,IT,전자와전기제품,382480
이노메트리,IT,전자와전기제품,302430
뉴인텍,IT,전자와전기제품,12340
엔에스,IT,전자와전기제품,217820
파워넷,IT,전자와전기제품,37030
대보마그네틱,IT,전자와전기제품,290670
에이디칩스,IT,전자와전기제품,54630
에이에프더블류,IT,전자와전기제품,312610
KH 일렉트론,IT,전자와전기제품,111870
알로이스,IT,전자와전기제품,297570
에스씨디,IT,전자와전기제품,42110
성호전자,IT,전자와전기제품,43260
피에스텍,IT,전자와전기제품,2230
삼진,IT,전자와전기제품,32750
휴맥스홀딩스,IT,전자와전기제품,28080
성문전자,IT,전자와전기제품,14910
TJ미디어,IT,전자와전기제품,32540
파인디지털,IT,전자와전기제품,38950
서울전자통신,IT,전자와전기제품,27040
신화콘텍,IT,전자와전기제품,187270
디엠티,IT,전자와전기제품,134580
경인전자,IT,전자와전기제품,9140
LG디스플레이,IT,디스플레이,34220
SK머티리얼즈,IT,디스플레이,36490
LX세미콘,IT,디스플레이,108320
천보,IT,디스플레이,278280
덕산네오룩스,IT,디스플레이,213420
서울반도체,IT,디스플레이,46890
비덴트,IT,디스플레이,121800
쎄미시스코,IT,디스플레이,136510
AP시스템,IT,디스플레이,265520
아나패스,IT,디스플레이,123860
APS홀딩스,IT,디스플레이,54620
서울바이오시스,IT,디스플레이,92190
아바텍,IT,디스플레이,149950
덕산테코피아,IT,디스플레이,317330
톱텍,IT,디스플레이,108230
비보존 헬스케어,IT,디스플레이,82800
한솔테크닉스,IT,디스플레이,4710
디에스케이,IT,디스플레이,109740
케이피에스,IT,디스플레이,256940
오성첨단소재,IT,디스플레이,52420
아이씨디,IT,디스플레이,40910
HB테크놀러지,IT,디스플레이,78150
필옵틱스,IT,디스플레이,161580
DMS,IT,디스플레이,68790
디바이스이엔지,IT,디스플레이,187870
우리바이오,IT,디스플레이,82850
와이엠씨,IT,디스플레이,155650
위지트,IT,디스플레이,36090
코텍,IT,디스플레이,52330
토비스,IT,디스플레이,51360
비아트론,IT,디스플레이,141000
포인트엔지니어링,IT,디스플레이,256630
야스,IT,디스플레이,255440
선익시스템,IT,디스플레이,171090
핌스,IT,디스플레이,347770
상보,IT,디스플레이,27580
HB솔루션,IT,디스플레이,297890
넥스트아이,IT,디스플레이,137940
아바코,IT,디스플레이,83930
미래컴퍼니,IT,디스플레이,49950
디아이티,IT,디스플레이,110990
탑엔지니어링,IT,디스플레이,65130
한송네오텍,IT,디스플레이,226440
신화인터텍,IT,디스플레이,56700
영우디에스피,IT,디스플레이,143540
삼진엘앤디,IT,디스플레이,54090
클라우드에어,IT,디스플레이,36170
아이엘사이언스,IT,디스플레이,307180
미래나노텍,IT,디스플레이,95500
티로보틱스,IT,디스플레이,117730
힘스,IT,디스플레이,238490
동아엘텍,IT,디스플레이,88130
에프엔에스테크,IT,디스플레이,83500
와이투솔루션,IT,디스플레이,11690
인지디스플레,IT,디스플레이,37330
에스엔유,IT,디스플레이,80000
파인텍,IT,디스플레이,131760
케이엔제이,IT,디스플레이,272110
일진디스플,IT,디스플레이,20760
엘아이에스,IT,디스플레이,138690
이라이콤,IT,디스플레이,41520
제이스텍,IT,디스플레이,90470
우리이앤엘,IT,디스플레이,153490
이엘피,IT,디스플레이,63760
우리조명,IT,디스플레이,37400
엘엠에스,IT,디스플레이,73110
엘티씨,IT,디스플레이,170920
신도기연,IT,디스플레이,290520
금호전기,IT,디스플레이,1210
참엔지니어링,IT,디스플레이,9310
예선테크,IT,디스플레이,250930
로체시스템즈,IT,디스플레이,71280
파인디앤씨,IT,디스플레이,49120
디이엔티,IT,디스플레이,79810
아이컴포넌트,IT,디스플레이,59100
티엘아이,IT,디스플레이,62860
베셀,IT,디스플레이,177350
한국컴퓨터,IT,디스플레이,54040
인베니아,IT,디스플레이,79950
제이엠티,IT,디스플레이,94970
에스엘바이오닉스,IT,디스플레이,214310
제이엠아이,IT,디스플레이,33050
소룩스,IT,디스플레이,290690
세진티에스,IT,디스플레이,67770
연이비앤티,IT,디스플레이,90740
엘디티,IT,디스플레이,96870
코이즈,IT,디스플레이,121850
프로이천,IT,디스플레이,321260
SK텔레콤,커뮤니케이션서비스,전기통신서비스,17670
KT,커뮤니케이션서비스,전기통신서비스,30200
LG유플러스,커뮤니케이션서비스,전기통신서비스,32640
인스코비,커뮤니케이션서비스,전기통신서비스,6490
세종텔레콤,커뮤니케이션서비스,전기통신서비스,36630
와이어블,커뮤니케이션서비스,전기통신서비스,65530
한국정보통신,커뮤니케이션서비스,전기통신서비스,25770
신라섬유,커뮤니케이션서비스,전기통신서비스,1000
NAVER,커뮤니케이션서비스,미디어와엔터테인먼트,35420
카카오,커뮤니케이션서비스,미디어와엔터테인먼트,35720
크래프톤,커뮤니케이션서비스,미디어와엔터테인먼트,259960
엔씨소프트,커뮤니케이션서비스,미디어와엔터테인먼트,36570
하이브,커뮤니케이션서비스,미디어와엔터테인먼트,352820
펄어비스,커뮤니케이션서비스,미디어와엔터테인먼트,263750
넷마블,커뮤니케이션서비스,미디어와엔터테인먼트,251270
위메이드,커뮤니케이션서비스,미디어와엔터테인먼트,112040
카카오게임즈,커뮤니케이션서비스,미디어와엔터테인먼트,293490
아프리카TV,커뮤니케이션서비스,미디어와엔터테인먼트,67160
CJ ENM,커뮤니케이션서비스,미디어와엔터테인먼트,35760
제일기획,커뮤니케이션서비스,미디어와엔터테인먼트,30000
JYP Ent.,커뮤니케이션서비스,미디어와엔터테인먼트,35900
에스엠,커뮤니케이션서비스,미디어와엔터테인먼트,41510
컴투스,커뮤니케이션서비스,미디어와엔터테인먼트,78340
스튜디오드래곤,커뮤니케이션서비스,미디어와엔터테인먼트,253450
위지윅스튜디오,커뮤니케이션서비스,미디어와엔터테인먼트,299900
와이지엔터테인먼트,커뮤니케이션서비스,미디어와엔터테인먼트,122870
이노션,커뮤니케이션서비스,미디어와엔터테인먼트,214320
데브시스터즈,커뮤니케이션서비스,미디어와엔터테인먼트,194480
NHN,커뮤니케이션서비스,미디어와엔터테인먼트,181710
CJ CGV,커뮤니케이션서비스,미디어와엔터테인먼트,79160
제이콘텐트리,커뮤니케이션서비스,미디어와엔터테인먼트,36420
더블유게임즈,커뮤니케이션서비스,미디어와엔터테인먼트,192080
웹젠,커뮤니케이션서비스,미디어와엔터테인먼트,69080
SBS,커뮤니케이션서비스,미디어와엔터테인먼트,34120
초록뱀미디어,커뮤니케이션서비스,미디어와엔터테인먼트,47820
골프존,커뮤니케이션서비스,미디어와엔터테인먼트,215000
덱스터,커뮤니케이션서비스,미디어와엔터테인먼트,206560
네오위즈,커뮤니케이션서비스,미디어와엔터테인먼트,95660
자이언트스텝,커뮤니케이션서비스,미디어와엔터테인먼트,289220
게임빌,커뮤니케이션서비스,미디어와엔터테인먼트,63080
넵튠,커뮤니케이션서비스,미디어와엔터테인먼트,217270
조이시티,커뮤니케이션서비스,미디어와엔터테인먼트,67000
NEW,커뮤니케이션서비스,미디어와엔터테인먼트,160550
대원미디어,커뮤니케이션서비스,미디어와엔터테인먼트,48910
LG헬로비전,커뮤니케이션서비스,미디어와엔터테인먼트,37560
스카이라이프,커뮤니케이션서비스,미디어와엔터테인먼트,53210
에코마케팅,커뮤니케이션서비스,미디어와엔터테인먼트,230360
YG PLUS,커뮤니케이션서비스,미디어와엔터테인먼트,37270
액션스퀘어,커뮤니케이션서비스,미디어와엔터테인먼트,205500
디앤씨미디어,커뮤니케이션서비스,미디어와엔터테인먼트,263720
KMH,커뮤니케이션서비스,미디어와엔터테인먼트,122450
에이스토리,커뮤니케이션서비스,미디어와엔터테인먼트,241840
아센디오,커뮤니케이션서비스,미디어와엔터테인먼트,12170
지니뮤직,커뮤니케이션서비스,미디어와엔터테인먼트,43610
키다리스튜디오,커뮤니케이션서비스,미디어와엔터테인먼트,20120
넷게임즈,커뮤니케이션서비스,미디어와엔터테인먼트,225570
SM C&C,커뮤니케이션서비스,미디어와엔터테인먼트,48550
쇼박스,커뮤니케이션서비스,미디어와엔터테인먼트,86980
엠게임,커뮤니케이션서비스,미디어와엔터테인먼트,58630
인크로스,커뮤니케이션서비스,미디어와엔터테인먼트,216050
키이스트,커뮤니케이션서비스,미디어와엔터테인먼트,54780
네오위즈홀딩스,커뮤니케이션서비스,미디어와엔터테인먼트,42420
현대퓨처넷,커뮤니케이션서비스,미디어와엔터테인먼트,126560
미투온,커뮤니케이션서비스,미디어와엔터테인먼트,201490
큐브엔터,커뮤니케이션서비스,미디어와엔터테인먼트,182360
넥슨지티,커뮤니케이션서비스,미디어와엔터테인먼트,41140
티비씨,커뮤니케이션서비스,미디어와엔터테인먼트,33830
엔피,커뮤니케이션서비스,미디어와엔터테인먼트,291230
나스미디어,커뮤니케이션서비스,미디어와엔터테인먼트,89600
엔케이물산,커뮤니케이션서비스,미디어와엔터테인먼트,9810
선데이토즈,커뮤니케이션서비스,미디어와엔터테인먼트,123420
코퍼스코리아,커뮤니케이션서비스,미디어와엔터테인먼트,322780
KNN,커뮤니케이션서비스,미디어와엔터테인먼트,58400
티사이언티픽,커뮤니케이션서비스,미디어와엔터테인먼트,57680
THE E&M,커뮤니케이션서비스,미디어와엔터테인먼트,89230
YTN,커뮤니케이션서비스,미디어와엔터테인먼트,40300
룽투코리아,커뮤니케이션서비스,미디어와엔터테인먼트,60240
IHQ,커뮤니케이션서비스,미디어와엔터테인먼트,3560
이엔코퍼레이션,커뮤니케이션서비스,미디어와엔터테인먼트,66980
디지틀조선,커뮤니케이션서비스,미디어와엔터테인먼트,33130
SM Life Design,커뮤니케이션서비스,미디어와엔터테인먼트,63440
에프엔씨엔터,커뮤니케이션서비스,미디어와엔터테인먼트,173940
베노홀딩스,커뮤니케이션서비스,미디어와엔터테인먼트,206400
팬엔터테인먼트,커뮤니케이션서비스,미디어와엔터테인먼트,68050
한국경제TV,커뮤니케이션서비스,미디어와엔터테인먼트,39340
이스타코,커뮤니케이션서비스,미디어와엔터테인먼트,15020
SBS미디어홀딩스,커뮤니케이션서비스,미디어와엔터테인먼트,101060
스튜디오산타클로스,커뮤니케이션서비스,미디어와엔터테인먼트,204630
미스터블루,커뮤니케이션서비스,미디어와엔터테인먼트,207760
이엠넷,커뮤니케이션서비스,미디어와엔터테인먼트,123570
아이오케이,커뮤니케이션서비스,미디어와엔터테인먼트,78860
플리토,커뮤니케이션서비스,미디어와엔터테인먼트,300080
삼화네트웍스,커뮤니케이션서비스,미디어와엔터테인먼트,46390
한빛소프트,커뮤니케이션서비스,미디어와엔터테인먼트,47080
드림어스컴퍼니,커뮤니케이션서비스,미디어와엔터테인먼트,60570
FSN,커뮤니케이션서비스,미디어와엔터테인먼트,214270
엔비티,커뮤니케이션서비스,미디어와엔터테인먼트,236810
바른손이앤에이,커뮤니케이션서비스,미디어와엔터테인먼트,35620
플레이위드,커뮤니케이션서비스,미디어와엔터테인먼트,23770
지투알,커뮤니케이션서비스,미디어와엔터테인먼트,35000
줌인터넷,커뮤니케이션서비스,미디어와엔터테인먼트,239340
액토즈소프트,커뮤니케이션서비스,미디어와엔터테인먼트,52790
판타지오,커뮤니케이션서비스,미디어와엔터테인먼트,32800
NHN벅스,커뮤니케이션서비스,미디어와엔터테인먼트,104200
캐리소프트,커뮤니케이션서비스,미디어와엔터테인먼트,317530
갤럭시아에스엠,커뮤니케이션서비스,미디어와엔터테인먼트,11420
애니플러스,커뮤니케이션서비스,미디어와엔터테인먼트,310200
iMBC,커뮤니케이션서비스,미디어와엔터테인먼트,52220
큐로홀딩스,커뮤니케이션서비스,미디어와엔터테인먼트,51780
SBS콘텐츠허브,커뮤니케이션서비스,미디어와엔터테인먼트,46140
아시아경제,커뮤니케이션서비스,미디어와엔터테인먼트,127710
드래곤플라이,커뮤니케이션서비스,미디어와엔터테인먼트,30350
와이즈버즈,커뮤니케이션서비스,미디어와엔터테인먼트,273060
씨씨에스,커뮤니케이션서비스,미디어와엔터테인먼트,66790
오리콤,커뮤니케이션서비스,미디어와엔터테인먼트,10470
플레이디,커뮤니케이션서비스,미디어와엔터테인먼트,237820
한국전력,유틸리티,유틸리티,15760
한국가스공사,유틸리티,유틸리티,36460
한전기술,유틸리티,유틸리티,52690
한전KPS,유틸리티,유틸리티,51600
한전산업,유틸리티,유틸리티,130660
SK가스,유틸리티,유틸리티,18670
부산가스,유틸리티,유틸리티,15350
E1,유틸리티,유틸리티,17940
대성홀딩스,유틸리티,유틸리티,16710
삼천리,유틸리티,유틸리티,4690
지역난방공사,유틸리티,유틸리티,71320
서울가스,유틸리티,유틸리티,17390
예스코홀딩스,유틸리티,유틸리티,15360
경동도시가스,유틸리티,유틸리티,267290
대성에너지,유틸리티,유틸리티,117580
에코바이오,유틸리티,유틸리티,38870
한진중공업홀딩스,유틸리티,유틸리티,3480
지에스이,유틸리티,유틸리티,53050
인천도시가스,유틸리티,유틸리티,34590
